Date, Open, High, Low, Close
05/07/26, 20.90, 22.05, 22.05, 22.05
05/06/26, 22.43, 21.13, 21.13, 21.13
05/05/26, 24.11, 23.47, 23.47, 23.47
05/04/26, 23.61, 24.89, 24.89, 24.89
04/30/26, 24.26, 22.62, 22.62, 22.62
04/29/26, 23.40, 23.36, 23.36, 23.36
04/28/26, 23.86, 23.74, 23.74, 23.74
04/27/26, 23.65, 23.96, 23.96, 23.96
04/24/26, 23.65, 23.60, 23.60, 23.60
04/23/26, 23.63, 23.30, 23.30, 23.30
04/22/26, 23.13, 23.36, 23.36, 23.36
04/21/26, 22.25, 24.16, 24.16, 24.16
04/20/26, 21.78, 22.56, 22.56, 22.56
04/17/26, 21.03, 19.42, 19.42, 19.42
04/16/26, 20.61, 21.61, 21.61, 21.61
04/15/26, 20.66, 20.90, 20.90, 20.90
04/14/26, 22.21, 20.64, 20.64, 20.64
04/13/26, 24.40, 22.82, 22.82, 22.82
04/10/26, 23.07, 22.31, 22.31, 22.31
04/09/26, 24.73, 23.52, 23.52, 23.52
04/08/26, 24.67, 24.71, 24.71, 24.71
04/07/26, 29.02, 31.61, 31.61, 31.61
04/02/26, 29.42, 28.48, 28.48, 28.48
04/01/26, 28.87, 26.97, 26.97, 26.97
03/31/26, 33.14, 30.68, 30.68, 30.68
03/30/26, 35.10, 35.26, 33.38, 35.10
03/27/26, 33.01, 34.78, 34.78, 34.78
03/26/26, 31.85, 33.25, 33.25, 33.25
03/25/26, 30.52, 31.15, 31.15, 31.15
03/24/26, 31.89, 31.80, 31.80, 31.80
03/23/26, 36.02, 32.66, 32.66, 32.66
03/20/26, 27.61, 31.77, 31.77, 31.77
03/19/26, 29.12, 29.76, 29.76, 29.76
03/18/26, 24.96, 27.15, 27.15, 27.15
03/17/26, 27.94, 26.33, 26.33, 26.33
03/16/26, 29.94, 27.96, 27.96, 27.96
03/13/26, 32.24, 30.33, 30.33, 30.33
03/12/26, 29.91, 30.59, 30.59, 30.59
03/11/26, 28.11, 30.42, 30.42, 30.42
03/10/26, 29.79, 27.30, 27.30, 27.30
03/09/26, 38.13, 31.13, 31.13, 31.13
03/06/26, 27.96, 31.23, 31.23, 31.23
03/05/26, 25.12, 28.55, 28.55, 28.55
03/04/26, 28.36, 24.11, 24.11, 24.11
03/03/26, 25.76, 29.26, 29.26, 29.26
03/02/26, 24.78, 22.71, 22.71, 22.71
02/27/26, 18.97, 19.68, 19.68, 19.68
02/26/26, 17.82, 18.90, 18.90, 18.90
02/25/26, 18.74, 18.06, 18.06, 18.06
02/24/26, 20.16, 19.06, 19.06, 19.06
02/23/26, 19.70, 19.69, 19.69, 19.69
02/20/26, 19.50, 18.69, 18.69, 18.69
02/19/26, 18.76, 19.96, 19.96, 19.96
02/18/26, 18.54, 18.15, 18.15, 18.15
02/17/26, 20.51, 19.44, 19.44, 19.44
02/16/26, 20.13, 20.15, 20.15, 20.15
02/13/26, 20.67, 19.74, 19.74, 19.74
02/12/26, 17.52, 20.24, 20.24, 20.24
02/11/26, 18.35, 18.00, 18.00, 18.00
02/10/26, 18.13, 18.00, 18.00, 18.00
02/09/26, 18.83, 17.92, 17.92, 17.92
02/06/26, 21.25, 19.23, 19.23, 19.23
02/05/26, 19.26, 21.26, 21.26, 21.26
02/04/26, 18.21, 19.27, 19.27, 19.27
02/03/26, 17.30, 18.47, 18.47, 18.47
02/02/26, 21.60, 18.11, 18.11, 18.11
01/30/26, 20.42, 19.99, 19.99, 19.99
01/29/26, 17.75, 20.74, 20.74, 20.74
01/28/26, 16.98, 18.39, 18.39, 18.39
01/27/26, 17.24, 17.20, 17.20, 17.20
01/26/26, 18.33, 17.28, 17.28, 17.28
01/23/26, 17.32, 17.47, 17.47, 17.47
01/22/26, 17.39, 17.18, 17.18, 17.18
01/21/26, 20.33, 18.73, 18.73, 18.73
01/20/26, 21.03, 19.98, 19.98, 19.98
01/19/26, 19.15, 19.95, 19.95, 19.95
01/16/26, 15.60, 16.19, 16.19, 16.19
01/15/26, 16.37, 15.50, 15.50, 15.50
01/14/26, 16.65, 17.44, 17.44, 17.44
01/13/26, 16.07, 16.44, 16.44, 16.44
01/12/26, 16.41, 16.20, 16.20, 16.20
01/09/26, 15.76, 15.51, 15.51, 15.51
01/08/26, 15.93, 15.93, 15.93, 15.93
01/07/26, 15.56, 15.69, 15.69, 15.69
01/06/26, 15.48, 15.35, 15.35, 15.35
01/05/26, 15.47, 15.45, 15.45, 15.45
01/02/26, 15.53, 15.24, 15.24, 15.24
12/30/25, 15.51, 14.71, 14.71, 14.71
12/29/25, 15.46, 15.41, 15.41, 15.41
12/23/25, 14.29, 14.05, 14.05, 14.05
12/22/25, 14.93, 14.41, 14.41, 14.41
12/19/25, 15.43, 14.57, 14.57, 14.57
12/18/25, 15.96, 15.53, 15.53, 15.53
12/17/25, 14.95, 15.88, 15.88, 15.88
12/16/25, 15.44, 15.38, 15.38, 15.38
12/15/25, 15.29, 15.10, 15.10, 15.10
12/12/25, 14.42, 15.67, 15.67, 15.67
12/11/25, 16.12, 15.04, 15.04, 15.04
12/10/25, 16.18, 16.22, 16.22, 16.22
12/09/25, 15.94, 16.12, 16.12, 16.12
12/08/25, 16.20, 16.11, 16.11, 16.11
12/05/25, 15.63, 15.78, 15.78, 15.78
12/04/25, 16.01, 15.98, 15.98, 15.98
12/03/25, 16.53, 16.63, 16.63, 16.63
12/02/25, 17.17, 17.09, 17.09, 17.09
12/01/25, 17.87, 17.33, 17.33, 17.33
11/28/25, 17.90, 17.12, 17.12, 17.12
11/27/25, 18.31, 17.94, 17.94, 17.94
11/26/25, 18.92, 18.49, 18.49, 18.49
11/25/25, 20.73, 19.84, 19.84, 19.84
11/24/25, 24.25, 24.25, 21.01, 24.25
11/21/25, 24.63, 24.56, 24.56, 24.56
11/20/25, 20.43, 21.86, 21.86, 21.86
11/19/25, 23.10, 23.00, 23.00, 23.00
11/18/25, 22.75, 22.89, 22.89, 22.89
11/17/25, 19.10, 20.21, 20.21, 20.21
11/14/25, 20.53, 19.20, 19.20, 19.20
11/13/25, 17.60, 18.79, 18.79, 18.79
11/12/25, 17.67, 17.94, 17.43, 17.67
11/11/25, 18.12, 18.22, 17.87, 18.12
11/10/25, 18.56, 18.90, 18.19, 18.56
11/07/25, 18.98, 21.38, 21.38, 21.38
11/06/25, 18.32, 19.36, 19.36, 19.36
11/05/25, 19.63, 17.89, 17.89, 17.89
11/04/25, 19.60, 18.63, 18.63, 18.63
11/03/25, 18.21, 18.15, 18.15, 18.15
10/31/25, 16.95, 17.81, 17.81, 17.81
10/30/25, 16.90, 16.87, 16.87, 16.87
10/29/25, 16.69, 17.03, 17.03, 17.03
10/28/25, 16.66, 16.44, 16.44, 16.44
10/27/25, 16.59, 16.34, 16.34, 16.34
10/24/25, 16.78, 17.34, 16.43, 16.78
10/23/25, 17.32, 17.94, 17.13, 17.32
10/22/25, 17.30, 17.79, 16.74, 17.30
10/21/25, 17.25, 17.40, 16.68, 17.25
10/20/25, 19.21, 17.22, 17.22, 17.22
10/17/25, 20.92, 20.24, 20.24, 20.24
10/16/25, 19.68, 19.40, 19.40, 19.40
10/15/25, 19.18, 19.16, 19.16, 19.16
10/14/25, 21.18, 20.42, 20.42, 20.42
10/13/25, 20.23, 19.68, 19.68, 19.68
10/10/25, 17.13, 19.60, 19.60, 19.60
10/09/25, 17.30, 17.21, 17.21, 17.21
10/08/25, 18.24, 17.52, 17.52, 17.52
10/07/25, 17.80, 18.19, 18.19, 18.19
10/06/25, 16.83, 17.72, 17.72, 17.72
10/03/25, 16.83, 16.09, 16.09, 16.09
10/02/25, 16.42, 16.81, 16.81, 16.81
10/01/25, 17.28, 16.47, 16.47, 16.47
09/30/25, 16.80, 16.68, 16.68, 16.68
09/29/25, 16.88, 16.47, 16.47, 16.47
09/26/25, 16.94, 16.71, 16.71, 16.71
09/25/25, 17.21, 17.32, 17.32, 17.32
09/24/25, 16.96, 16.79, 16.79, 16.79
09/23/25, 16.86, 16.58, 16.58, 16.58
09/22/25, 16.59, 16.79, 16.79, 16.79
09/19/25, 15.49, 15.67, 15.31, 15.49
09/18/25, 15.75, 15.41, 15.41, 15.41
09/17/25, 16.58, 16.80, 16.80, 16.80
09/16/25, 15.75, 16.77, 16.77, 16.77
09/15/25, 15.49, 15.49, 15.49, 15.49
09/12/25, 15.71, 15.39, 15.39, 15.39
09/11/25, 16.71, 15.82, 15.82, 15.82
09/10/25, 16.31, 16.83, 16.83, 16.83
09/09/25, 16.66, 16.73, 16.73, 16.73
09/08/25, 17.54, 16.88, 16.88, 16.88
09/05/25, 17.36, 17.68, 17.68, 17.68
09/04/25, 18.29, 17.43, 17.43, 17.43
09/03/25, 19.12, 18.41, 18.41, 18.41
09/02/25, 18.20, 19.72, 19.72, 19.72
09/01/25, 18.03, 17.65, 17.65, 17.65
08/29/25, 17.21, 17.56, 17.56, 17.56
08/28/25, 17.46, 17.10, 17.10, 17.10
08/27/25, 17.50, 17.84, 17.84, 17.84
08/26/25, 18.32, 18.00, 18.00, 18.00
08/25/25, 15.79, 16.88, 16.88, 16.88
08/22/25, 16.98, 15.06, 15.06, 15.06
08/21/25, 16.39, 16.73, 16.73, 16.73
08/20/25, 16.28, 16.59, 16.59, 16.59
08/19/25, 16.27, 15.76, 15.76, 15.76
08/18/25, 16.31, 16.40, 16.40, 16.40
08/15/25, 15.75, 15.84, 15.84, 15.84
08/14/25, 15.67, 15.99, 15.99, 15.99
08/13/25, 16.33, 16.16, 16.16, 16.16
08/12/25, 17.70, 16.67, 16.67, 16.67
08/11/25, 17.56, 17.76, 17.76, 17.76
08/08/25, 17.88, 17.40, 17.40, 17.40
08/07/25, 17.96, 18.08, 18.08, 18.08
08/06/25, 18.29, 18.39, 18.39, 18.39
08/05/25, 18.77, 18.83, 18.83, 18.83
08/04/25, 21.55, 19.67, 19.67, 19.67
08/01/25, 18.93, 21.79, 21.79, 21.79
07/31/25, 16.11, 17.54, 17.54, 17.54
07/30/25, 16.99, 16.49, 16.49, 16.49
07/29/25, 16.65, 16.66, 16.10, 16.65
07/28/25, 17.03, 17.23, 17.23, 17.23
07/25/25, 18.30, 17.80, 17.80, 17.80
07/24/25, 17.44, 17.72, 17.72, 17.72
07/23/25, 17.84, 18.42, 18.42, 18.42
07/22/25, 17.93, 18.86, 18.86, 18.86
07/21/25, 17.95, 17.61, 17.61, 17.61
07/18/25, 17.25, 17.70, 17.70, 17.70
07/17/25, 17.92, 17.42, 17.42, 17.42
07/16/25, 18.30, 19.04, 19.04, 19.04
07/15/25, 17.36, 17.75, 17.75, 17.75
07/14/25, 18.40, 17.74, 17.74, 17.74
07/11/25, 16.65, 17.11, 17.11, 17.11
07/10/25, 16.30, 15.99, 15.99, 15.99
07/09/25, 17.07, 16.61, 16.61, 16.61
07/08/25, 18.19, 17.40, 17.40, 17.40
07/07/25, 18.85, 18.48, 18.48, 18.48
07/04/25, 17.85, 19.05, 19.05, 19.05
07/03/25, 17.69, 17.23, 17.23, 17.23
07/02/25, 17.51, 17.75, 17.75, 17.75
07/01/25, 17.62, 17.67, 17.67, 17.67
06/30/25, 17.98, 17.67, 17.67, 17.67
06/27/25, 17.90, 17.40, 17.40, 17.40
06/26/25, 18.53, 18.50, 18.50, 18.50
06/25/25, 18.53, 19.00, 19.00, 19.00
06/24/25, 19.36, 18.85, 18.85, 18.85
06/23/25, 23.37, 22.45, 22.45, 22.45
06/20/25, 23.60, 22.48, 22.48, 22.48
06/19/25, 23.30, 24.95, 24.95, 24.95
06/18/25, 22.16, 22.40, 22.40, 22.40
06/17/25, 21.57, 22.10, 22.10, 22.10
06/16/25, 21.09, 19.98, 19.98, 19.98
06/13/25, 21.44, 21.73, 21.73, 21.73
06/12/25, 18.56, 19.37, 19.37, 19.37
06/11/25, 17.76, 17.25, 17.25, 17.25
06/10/25, 17.76, 17.74, 17.74, 17.74
06/09/25, 18.09, 17.63, 17.63, 17.63
06/06/25, 18.16, 17.42, 17.42, 17.42
06/05/25, 18.41, 17.75, 17.75, 17.75
06/04/25, 18.23, 18.51, 18.51, 18.51
06/03/25, 19.67, 18.66, 18.66, 18.66
06/02/25, 20.27, 19.98, 19.98, 19.98
05/30/25, 19.28, 19.15, 19.15, 19.15
05/29/25, 18.77, 19.01, 19.01, 19.01
05/28/25, 18.54, 19.31, 19.31, 19.31
05/27/25, 19.64, 18.57, 18.57, 18.57
05/26/25, 22.77, 22.81, 19.10, 22.77
05/23/25, 18.24, 22.48, 22.48, 22.48
05/22/25, 18.02, 18.36, 18.36, 18.36
05/21/25, 16.91, 16.69, 16.69, 16.69
05/20/25, 16.61, 16.58, 16.58, 16.58
05/19/25, 17.95, 16.81, 16.81, 16.81
05/16/25, 16.42, 16.36, 16.36, 16.36
05/15/25, 17.17, 16.61, 16.61, 16.61
05/14/25, 16.52, 17.21, 17.21, 17.21
05/13/25, 17.83, 16.56, 16.56, 16.56
05/12/25, 19.47, 18.20, 18.20, 18.20
05/09/25, 20.17, 20.52, 20.52, 20.52
05/08/25, 20.72, 20.42, 20.42, 20.42
05/07/25, 21.23, 21.66, 21.66, 21.66
05/06/25, 20.34, 20.79, 20.79, 20.79
05/05/25, 21.19, 20.28, 20.28, 20.28
05/02/25, 21.28, 20.54, 20.54, 20.54
04/30/25, 21.15, 22.47, 22.47, 22.47
04/29/25, 22.03, 21.60, 21.60, 21.60
04/28/25, 22.19, 22.36, 22.36, 22.36
04/25/25, 22.79, 21.97, 21.97, 21.97
04/24/25, 24.48, 23.38, 23.38, 23.38
04/23/25, 23.69, 24.54, 24.54, 24.54
04/22/25, 28.17, 28.19, 25.70, 28.17
04/17/25, 27.05, 26.18, 26.18, 26.18
04/16/25, 28.80, 26.30, 26.30, 26.30
04/15/25, 28.23, 25.95, 25.95, 25.95
04/14/25, 36.41, 29.08, 29.08, 29.08
04/11/25, 36.19, 39.56, 39.56, 39.56
04/10/25, 46.84, 37.04, 37.04, 37.04
04/09/25, 38.51, 45.87, 45.87, 45.87
04/08/25, 46.83, 36.39, 36.39, 36.39
04/07/25, 45.31, 53.54, 42.01, 45.31
04/04/25, 26.88, 34.22, 34.22, 34.22
04/03/25, 22.72, 25.54, 25.54, 25.54
04/02/25, 21.65, 21.32, 21.32, 21.32
04/01/25, 21.62, 21.09, 21.09, 21.09
03/31/25, 22.60, 22.15, 22.15, 22.15
03/28/25, 20.05, 20.60, 20.60, 20.60
03/27/25, 19.82, 19.61, 19.61, 19.61
03/26/25, 17.73, 19.02, 19.02, 19.02
03/25/25, 18.21, 17.59, 17.59, 17.59
03/24/25, 20.10, 18.61, 18.61, 18.61
03/21/25, 19.13, 19.69, 19.69, 19.69
03/20/25, 18.30, 19.00, 19.00, 19.00
03/19/25, 19.28, 18.61, 18.61, 18.61
03/18/25, 18.78, 18.97, 18.97, 18.97
03/17/25, 20.67, 19.11, 19.11, 19.11
03/14/25, 21.84, 20.21, 20.21, 20.21
03/13/25, 21.94, 21.83, 21.83, 21.83
03/12/25, 23.55, 21.82, 21.82, 21.82
03/11/25, 24.05, 24.30, 24.30, 24.30
03/10/25, 22.82, 23.92, 23.92, 23.92
03/07/25, 22.43, 22.66, 22.66, 22.66
03/06/25, 20.88, 21.44, 21.44, 21.44
03/05/25, 20.46, 21.49, 21.49, 21.49
03/04/25, 20.62, 22.60, 22.60, 22.60
03/03/25, 18.80, 18.61, 18.61, 18.61
02/28/25, 19.47, 18.63, 18.63, 18.63
02/27/25, 17.75, 18.03, 18.03, 18.03
02/26/25, 17.06, 16.99, 16.99, 16.99
02/25/25, 17.18, 17.78, 17.78, 17.78
02/24/25, 17.26, 16.95, 16.95, 16.95
02/21/25, 17.25, 16.47, 16.47, 16.47
02/20/25, 16.96, 17.52, 17.52, 17.52
02/19/25, 16.09, 17.42, 17.42, 17.42
02/18/25, 16.21, 16.17, 16.17, 16.17
02/17/25, 16.10, 16.21, 16.21, 16.21
02/14/25, 15.93, 15.88, 15.88, 15.88
02/13/25, 15.90, 16.52, 16.52, 16.52
02/12/25, 16.20, 16.17, 16.17, 16.17
02/11/25, 16.50, 16.24, 16.24, 16.24
02/10/25, 16.71, 16.62, 16.62, 16.62
02/07/25, 15.88, 16.65, 16.65, 16.65
02/06/25, 16.09, 16.00, 16.00, 16.00
02/05/25, 17.05, 16.48, 16.48, 16.48
02/04/25, 17.56, 16.77, 16.77, 16.77
02/03/25, 18.49, 17.58, 17.58, 17.58
01/31/25, 14.94, 15.36, 15.36, 15.36
01/30/25, 15.20, 14.91, 14.91, 14.91
01/29/25, 15.80, 15.74, 15.74, 15.74
01/28/25, 16.68, 16.17, 16.17, 16.17
01/27/25, 17.29, 16.76, 16.76, 16.76
01/24/25, 14.95, 14.86, 14.86, 14.86
01/23/25, 15.29, 14.98, 14.98, 14.98
01/22/25, 15.23, 15.00, 15.00, 15.00
01/21/25, 16.71, 15.45, 15.45, 15.45
01/20/25, 16.61, 16.63, 16.63, 16.63
01/17/25, 15.69, 15.72, 15.72, 15.72
01/16/25, 15.30, 15.56, 15.56, 15.56
01/15/25, 17.73, 16.10, 16.10, 16.10
01/14/25, 17.94, 17.70, 17.70, 17.70
01/13/25, 19.61, 18.88, 18.88, 18.88
01/10/25, 17.16, 18.21, 18.21, 18.21
01/09/25, 17.39, 16.97, 16.97, 16.97
01/08/25, 16.52, 17.11, 17.11, 17.11
01/07/25, 16.60, 16.31, 16.31, 16.31
01/06/25, 17.02, 16.43, 16.43, 16.43
01/03/25, 17.35, 16.93, 16.93, 16.93
01/02/25, 16.94, 17.20, 17.20, 17.20
12/30/24, 17.05, 17.00, 17.00, 17.00
12/27/24, 17.35, 16.27, 16.27, 16.27
12/23/24, 17.85, 17.19, 17.19, 17.19
12/20/24, 19.07, 16.84, 16.84, 16.84
12/19/24, 16.85, 18.63, 18.63, 18.63
12/18/24, 14.56, 14.52, 14.52, 14.52
12/17/24, 14.77, 14.57, 14.57, 14.57
12/16/24, 14.34, 14.42, 14.42, 14.42
12/13/24, 13.78, 13.75, 13.75, 13.75
12/12/24, 13.95, 13.84, 13.84, 13.84
12/11/24, 15.30, 14.07, 14.07, 14.07
12/10/24, 14.90, 15.18, 15.18, 15.18
12/09/24, 14.82, 14.68, 14.68, 14.68
12/06/24, 15.18, 14.48, 14.48, 14.48
12/05/24, 15.68, 15.01, 15.01, 15.01
12/04/24, 16.38, 15.84, 15.84, 15.84
12/03/24, 16.62, 16.47, 16.47, 16.47
12/02/24, 18.07, 17.18, 17.18, 17.18
11/29/24, 17.72, 16.96, 16.96, 16.96
11/28/24, 17.73, 17.60, 17.60, 17.60
11/27/24, 18.13, 18.30, 18.30, 18.30
11/26/24, 17.95, 17.73, 17.73, 17.73
11/25/24, 17.60, 17.21, 17.21, 17.21
11/22/24, 18.29, 17.97, 17.97, 17.97
11/21/24, 18.95, 18.95, 18.95, 18.95
11/20/24, 18.64, 20.06, 20.06, 20.06
11/19/24, 17.67, 19.23, 19.23, 19.23
11/18/24, 17.84, 17.79, 17.79, 17.79
11/15/24, 17.86, 17.21, 17.21, 17.21
11/14/24, 17.12, 17.10, 17.10, 17.10
11/13/24, 17.83, 17.68, 17.68, 17.68
11/12/24, 17.44, 17.94, 17.94, 17.94
11/11/24, 16.67, 16.79, 16.79, 16.79
11/08/24, 16.56, 16.78, 16.78, 16.78
11/07/24, 17.76, 16.74, 16.74, 16.74
11/06/24, 18.78, 18.49, 18.49, 18.49
11/05/24, 21.06, 19.85, 19.85, 19.85
11/04/24, 21.98, 22.06, 20.82, 21.98
11/01/24, 21.36, 21.09, 21.09, 21.09
10/31/24, 20.95, 22.18, 20.70, 20.95
10/30/24, 19.28, 19.93, 19.93, 19.93
10/29/24, 18.66, 18.99, 18.99, 18.99
10/28/24, 19.22, 18.66, 18.66, 18.66
10/25/24, 19.14, 18.92, 18.92, 18.92
10/24/24, 18.62, 19.17, 19.17, 19.17
10/23/24, 18.52, 18.99, 18.99, 18.99
10/22/24, 18.41, 18.62, 18.62, 18.62
10/21/24, 17.90, 18.85, 18.85, 18.85
10/18/24, 17.99, 18.07, 17.08, 17.99
10/17/24, 18.88, 18.27, 18.27, 18.27
10/16/24, 19.14, 19.21, 19.21, 19.21
10/15/24, 17.54, 18.60, 18.60, 18.60
10/14/24, 18.81, 17.67, 17.67, 17.67
10/11/24, 19.42, 18.47, 18.47, 18.47
10/10/24, 19.61, 19.19, 19.19, 19.19
10/09/24, 20.68, 19.37, 19.37, 19.37
10/08/24, 21.83, 20.28, 20.28, 20.28
10/07/24, 20.84, 20.22, 20.22, 20.22
10/04/24, 21.47, 20.25, 20.25, 20.25
10/03/24, 20.54, 21.22, 21.22, 21.22
10/02/24, 20.74, 19.89, 19.89, 19.89
10/01/24, 18.15, 21.54, 17.68, 18.15
09/27/24, 16.20, 15.95, 15.95, 15.95
09/26/24, 15.77, 16.38, 16.38, 16.38
09/25/24, 16.50, 16.22, 16.22, 16.22
09/24/24, 16.01, 16.02, 16.02, 16.02
09/23/24, 17.16, 16.37, 16.37, 16.37
09/20/24, 15.54, 16.19, 16.19, 16.19
09/19/24, 16.22, 15.42, 15.42, 15.42
09/18/24, 16.75, 17.06, 17.06, 17.06
09/17/24, 16.82, 16.58, 16.58, 16.58
09/16/24, 16.91, 17.12, 17.12, 17.12
09/13/24, 16.92, 16.05, 16.05, 16.05
09/12/24, 17.90, 17.53, 17.53, 17.53
09/11/24, 19.08, 19.60, 19.60, 19.60
09/10/24, 19.70, 19.54, 19.54, 19.54
09/09/24, 22.37, 20.23, 20.23, 20.23
09/06/24, 21.07, 22.58, 22.58, 22.58
09/05/24, 20.24, 20.05, 20.05, 20.05
09/04/24, 19.48, 19.87, 19.87, 19.87
09/03/24, 15.49, 17.34, 17.34, 17.34
09/02/24, 15.90, 15.41, 15.41, 15.41
08/30/24, 15.36, 15.27, 15.27, 15.27
08/29/24, 15.30, 15.23, 15.23, 15.23
08/28/24, 15.29, 15.59, 15.59, 15.59
08/27/24, 15.55, 15.46, 15.46, 15.46
08/26/24, 15.76, 15.66, 15.66, 15.66
08/23/24, 15.89, 15.31, 15.31, 15.31
08/22/24, 15.39, 16.01, 16.01, 16.01
08/21/24, 15.62, 15.48, 15.48, 15.48
08/20/24, 14.83, 15.46, 15.46, 15.46
08/19/24, 15.39, 14.92, 14.92, 14.92
08/16/24, 15.78, 14.50, 14.50, 14.50
08/15/24, 16.06, 15.31, 15.31, 15.31
08/14/24, 17.80, 16.76, 16.76, 16.76
08/13/24, 19.08, 18.34, 18.34, 18.34
08/12/24, 19.13, 19.29, 19.29, 19.29
08/09/24, 21.23, 20.43, 20.43, 20.43
08/08/24, 21.27, 21.63, 21.63, 21.63
08/07/24, 25.24, 20.75, 20.75, 20.75
08/06/24, 30.49, 25.07, 25.07, 25.07
08/05/24, 29.51, 31.17, 31.17, 31.17
08/02/24, 20.38, 24.52, 24.52, 24.52
08/01/24, 16.02, 18.12, 18.12, 18.12
07/31/24, 16.66, 15.74, 15.74, 15.74
07/30/24, 16.54, 16.53, 16.53, 16.53
07/29/24, 16.21, 16.83, 16.83, 16.83
07/26/24, 16.74, 16.15, 16.15, 16.15
07/25/24, 17.39, 16.93, 16.93, 16.93
07/24/24, 15.35, 16.06, 16.06, 16.06
07/23/24, 15.30, 14.80, 14.80, 14.80
07/22/24, 16.33, 15.69, 15.69, 15.69
07/19/24, 16.32, 16.88, 15.88, 16.32
07/18/24, 14.66, 15.73, 15.73, 15.73
07/17/24, 14.03, 14.55, 14.55, 14.55
07/16/24, 14.30, 13.87, 13.87, 13.87
07/15/24, 13.70, 13.59, 13.59, 13.59
07/12/24, 13.38, 13.06, 13.06, 13.06
07/11/24, 13.95, 13.42, 13.42, 13.42
07/10/24, 14.32, 13.87, 13.87, 13.87
07/09/24, 13.69, 14.60, 14.60, 14.60
07/08/24, 14.14, 13.29, 13.29, 13.29
07/05/24, 14.37, 14.43, 14.43, 14.43
07/04/24, 14.64, 14.62, 14.62, 14.62
07/03/24, 15.58, 14.83, 14.83, 14.83
07/02/24, 16.58, 15.88, 15.88, 15.88
07/01/24, 18.12, 15.90, 15.90, 15.90
06/28/24, 18.83, 18.30, 18.30, 18.30
06/27/24, 18.74, 19.06, 19.06, 19.06
06/26/24, 17.51, 18.98, 18.98, 18.98
06/25/24, 17.79, 18.04, 18.04, 18.04
06/24/24, 17.64, 17.38, 17.38, 17.38
06/21/24, 17.97, 17.60, 17.60, 17.60
06/20/24, 18.19, 17.75, 17.75, 17.75
06/19/24, 18.41, 18.52, 18.52, 18.52
06/18/24, 19.24, 18.60, 18.60, 18.60
06/17/24, 19.49, 19.91, 19.91, 19.91
06/14/24, 17.36, 19.87, 19.87, 19.87
06/13/24, 14.38, 16.75, 16.75, 16.75
06/12/24, 15.61, 14.77, 14.77, 14.77
06/11/24, 14.31, 15.76, 15.76, 15.76
06/10/24, 14.88, 14.51, 14.51, 14.51
06/07/24, 13.22, 13.29, 13.29, 13.29
06/06/24, 13.62, 13.34, 13.34, 13.34
06/05/24, 14.25, 13.93, 13.93, 13.93
06/04/24, 14.43, 14.74, 14.74, 14.74
06/03/24, 13.66, 14.06, 14.06, 14.06
05/31/24, 14.13, 14.14, 14.14, 14.14
05/30/24, 14.60, 13.98, 13.98, 13.98
05/29/24, 13.75, 14.08, 14.08, 14.08
05/28/24, 12.88, 13.31, 13.31, 13.31
05/27/24, 12.96, 12.88, 12.88, 12.88
05/24/24, 13.33, 12.61, 12.61, 12.61
05/23/24, 12.51, 12.52, 12.52, 12.52
05/22/24, 12.61, 12.74, 12.74, 12.74
05/21/24, 12.50, 12.54, 12.54, 12.54
05/20/24, 12.59, 12.44, 12.44, 12.44
05/17/24, 12.82, 12.13, 12.13, 12.13
05/16/24, 12.62, 12.79, 12.79, 12.79
05/15/24, 13.90, 13.09, 13.09, 13.09
05/14/24, 13.94, 13.96, 13.96, 13.96
05/13/24, 13.87, 13.92, 13.92, 13.92
05/10/24, 13.39, 13.60, 13.60, 13.60
05/09/24, 13.62, 13.46, 13.46, 13.46
05/08/24, 13.97, 13.72, 13.72, 13.72
05/07/24, 14.15, 14.09, 14.09, 14.09
05/06/24, 14.66, 14.30, 14.30, 14.30
05/03/24, 15.16, 14.44, 14.44, 14.44
05/02/24, 15.81, 15.43, 15.43, 15.43
04/30/24, 15.13, 15.57, 15.57, 15.57
04/29/24, 15.44, 15.11, 15.11, 15.11
04/26/24, 15.57, 15.26, 15.26, 15.26
04/25/24, 15.79, 16.36, 16.36, 16.36
04/24/24, 15.44, 15.62, 15.62, 15.62
04/23/24, 16.41, 15.79, 15.79, 15.79
04/22/24, 17.79, 17.11, 17.11, 17.11
04/19/24, 18.68, 18.19, 18.19, 18.19
04/18/24, 18.02, 17.52, 17.52, 17.52
04/17/24, 19.13, 18.47, 18.47, 18.47
04/16/24, 20.20, 19.63, 19.63, 19.63
04/15/24, 17.71, 18.52, 18.52, 18.52
04/12/24, 15.49, 18.79, 18.79, 18.79
04/11/24, 15.97, 16.70, 16.70, 16.70
04/10/24, 15.64, 15.91, 15.91, 15.91
04/09/24, 15.64, 16.30, 16.30, 16.30
04/08/24, 16.14, 15.52, 15.52, 15.52
04/05/24, 15.79, 16.12, 16.12, 16.12
04/04/24, 14.23, 13.69, 13.69, 13.69
04/03/24, 14.95, 14.25, 14.25, 14.25
04/02/24, 13.97, 15.18, 15.18, 15.18
03/28/24, 12.80, 13.38, 13.38, 13.38
03/27/24, 12.54, 12.86, 12.86, 12.86
03/26/24, 12.58, 12.45, 12.45, 12.45
03/25/24, 12.96, 12.49, 12.49, 12.49
03/22/24, 12.43, 12.42, 12.42, 12.42
03/21/24, 12.76, 12.18, 12.18, 12.18
03/20/24, 13.30, 12.96, 12.96, 12.96
03/19/24, 13.55, 13.12, 13.12, 13.12
03/18/24, 13.75, 13.83, 13.41, 13.75
03/15/24, 13.33, 13.31, 13.31, 13.31
03/14/24, 12.29, 13.32, 13.32, 13.32
03/13/24, 13.58, 13.14, 13.14, 13.14
03/12/24, 14.52, 13.68, 13.68, 13.68
03/11/24, 14.77, 14.73, 14.73, 14.73
03/08/24, 13.87, 13.72, 13.72, 13.72
03/07/24, 14.69, 13.90, 13.90, 13.90
03/06/24, 14.54, 14.16, 14.16, 14.16
03/05/24, 14.05, 14.69, 14.69, 14.69
03/04/24, 14.10, 13.75, 13.75, 13.75
03/01/24, 13.51, 13.78, 13.78, 13.78
02/29/24, 13.97, 13.78, 13.78, 13.78
02/28/24, 13.40, 13.86, 13.86, 13.86
02/27/24, 13.35, 13.36, 13.36, 13.36
02/26/24, 14.10, 13.44, 13.44, 13.44
02/23/24, 13.85, 13.86, 13.33, 13.85
02/22/24, 13.86, 13.81, 13.81, 13.81
02/21/24, 14.21, 14.55, 14.55, 14.55
02/20/24, 14.22, 14.20, 14.20, 14.20
02/19/24, 14.65, 14.08, 14.08, 14.08
02/16/24, 14.08, 14.61, 13.79, 14.08
02/15/24, 14.10, 14.32, 14.32, 14.32
02/14/24, 15.12, 14.44, 14.44, 14.44
02/13/24, 14.62, 15.03, 15.03, 15.03
02/12/24, 14.34, 14.36, 14.36, 14.36
02/09/24, 13.75, 13.99, 13.99, 13.99
02/08/24, 13.58, 13.76, 13.76, 13.76
02/07/24, 13.53, 13.64, 13.64, 13.64
02/06/24, 13.87, 13.61, 13.61, 13.61
02/05/24, 14.61, 14.16, 14.16, 14.16
02/02/24, 14.28, 14.04, 14.04, 14.04
02/01/24, 15.04, 14.81, 14.81, 14.81
01/31/24, 14.15, 14.84, 13.93, 14.15
01/30/24, 14.10, 14.11, 14.11, 14.11
01/29/24, 14.18, 14.06, 14.06, 14.06
01/26/24, 13.63, 13.61, 13.61, 13.61
01/25/24, 13.67, 13.58, 13.58, 13.58
01/24/24, 13.55, 13.46, 13.46, 13.46
01/23/24, 13.76, 13.58, 13.58, 13.58
01/22/24, 14.12, 13.85, 13.85, 13.85
01/19/24, 14.15, 14.67, 14.00, 14.15
01/18/24, 14.94, 14.51, 14.51, 14.51
01/17/24, 15.10, 15.08, 15.08, 15.08
01/16/24, 14.83, 14.15, 14.15, 14.15
01/15/24, 13.79, 14.11, 14.11, 14.11
01/12/24, 13.48, 13.42, 13.42, 13.42
01/11/24, 13.36, 13.92, 13.92, 13.92
01/10/24, 13.58, 13.39, 13.39, 13.39
01/09/24, 13.96, 13.70, 13.70, 13.70
01/08/24, 14.58, 14.00, 14.00, 14.00
01/05/24, 14.84, 14.12, 14.12, 14.12
01/04/24, 15.30, 14.31, 14.31, 14.31
01/03/24, 14.31, 15.49, 15.49, 15.49
01/02/24, 14.01, 14.49, 14.49, 14.49
12/29/23, 13.37, 13.57, 13.57, 13.57
12/28/23, 13.31, 13.52, 13.52, 13.52
12/27/23, 14.14, 14.14, 13.39, 14.14
12/22/23, 13.72, 13.56, 13.56, 13.56
12/21/23, 13.30, 13.59, 13.59, 13.59
12/20/23, 12.86, 12.74, 12.74, 12.74
12/19/23, 12.75, 12.83, 12.83, 12.83
12/18/23, 13.00, 12.91, 12.91, 12.91
12/15/23, 12.70, 12.12, 12.12, 12.12
12/14/23, 12.84, 12.45, 12.45, 12.45
12/13/23, 13.06, 13.50, 13.50, 13.50
12/12/23, 13.66, 13.21, 13.21, 13.21
12/11/23, 13.99, 13.71, 13.71, 13.71
12/08/23, 14.09, 13.70, 13.70, 13.70
12/07/23, 14.47, 14.21, 14.21, 14.21
12/06/23, 13.93, 14.08, 14.08, 14.08
12/05/23, 14.03, 14.00, 14.00, 14.00
12/04/23, 14.14, 14.12, 14.12, 14.12
12/01/23, 13.50, 13.50, 13.50, 13.50
11/30/23, 14.24, 13.81, 13.81, 13.81
11/29/23, 13.92, 14.20, 14.20, 14.20
11/28/23, 14.34, 14.17, 14.17, 14.17
11/27/23, 13.99, 14.03, 14.03, 14.03
11/24/23, 13.76, 13.40, 13.40, 13.40
11/23/23, 13.49, 13.64, 13.64, 13.64
11/22/23, 13.83, 13.48, 13.48, 13.48
11/21/23, 13.99, 14.06, 14.06, 14.06
11/20/23, 14.38, 14.01, 14.01, 14.01
11/17/23, 14.48, 14.57, 13.84, 14.48
11/16/23, 14.56, 14.68, 14.68, 14.68
11/15/23, 14.90, 14.81, 14.81, 14.81
11/14/23, 15.97, 15.03, 15.03, 15.03
11/13/23, 16.40, 15.87, 15.87, 15.87
11/10/23, 16.30, 16.04, 16.04, 16.04
11/09/23, 15.97, 15.77, 15.77, 15.77
11/08/23, 16.87, 16.05, 16.05, 16.05
11/07/23, 16.84, 16.68, 16.68, 16.68
11/06/23, 17.06, 16.83, 16.83, 16.83
11/03/23, 17.50, 16.84, 16.84, 16.84
11/02/23, 17.67, 17.98, 17.16, 17.67
11/01/23, 18.79, 18.65, 18.65, 18.65
10/31/23, 20.56, 19.71, 19.71, 19.71
10/30/23, 21.49, 20.95, 20.95, 20.95
10/27/23, 21.55, 20.79, 20.79, 20.79
10/26/23, 22.02, 21.50, 21.50, 21.50
10/25/23, 20.72, 20.58, 20.58, 20.58
10/24/23, 21.87, 20.99, 20.99, 20.99
10/23/23, 23.53, 21.94, 21.94, 21.94
10/20/23, 23.92, 23.33, 23.33, 23.33
10/19/23, 22.10, 22.30, 22.30, 22.30
10/18/23, 20.53, 21.64, 21.64, 21.64
10/17/23, 19.52, 19.87, 19.87, 19.87
10/16/23, 20.33, 19.92, 19.92, 19.92
10/13/23, 17.55, 20.18, 20.18, 20.18
10/12/23, 17.32, 17.16, 17.16, 17.16
10/11/23, 18.93, 17.77, 17.77, 17.77
10/10/23, 19.06, 18.61, 18.61, 18.61
10/09/23, 20.71, 20.24, 20.24, 20.24
10/06/23, 19.06, 18.65, 18.65, 18.65
10/05/23, 20.10, 19.66, 19.66, 19.66
10/04/23, 20.77, 20.22, 20.22, 20.22
10/03/23, 19.41, 20.20, 20.20, 20.20
10/02/23, 17.76, 18.92, 18.92, 18.92
09/29/23, 18.15, 17.47, 17.47, 17.47
09/28/23, 19.44, 18.82, 18.82, 18.82
09/27/23, 19.58, 19.51, 19.51, 19.51
09/26/23, 20.19, 19.77, 19.77, 19.77
09/25/23, 17.72, 19.08, 19.08, 19.08
09/22/23, 17.46, 16.96, 16.96, 16.96
09/21/23, 16.45, 17.12, 17.12, 17.12
09/20/23, 16.25, 15.41, 15.41, 15.41
09/19/23, 16.31, 16.35, 16.35, 16.35
09/18/23, 15.89, 16.54, 15.63, 15.89
09/15/23, 14.68, 14.86, 13.96, 14.68
09/14/23, 16.21, 14.75, 14.75, 14.75
09/13/23, 16.84, 16.50, 16.50, 16.50
09/12/23, 16.27, 16.52, 16.52, 16.52
09/11/23, 16.28, 16.23, 16.23, 16.23
09/08/23, 16.50, 16.16, 16.16, 16.16
09/07/23, 17.19, 16.99, 16.99, 16.99
09/06/23, 16.92, 16.80, 16.80, 16.80
09/05/23, 17.14, 16.35, 16.35, 16.35
09/04/23, 15.97, 16.66, 16.66, 16.66
09/01/23, 16.05, 15.94, 15.94, 15.94
08/31/23, 16.60, 16.06, 16.06, 16.06
08/30/23, 16.77, 16.56, 16.56, 16.56
08/29/23, 17.62, 16.78, 16.78, 16.78
08/28/23, 18.40, 17.82, 17.82, 17.82
08/25/23, 19.16, 18.47, 18.47, 18.47
08/24/23, 18.12, 18.90, 18.90, 18.90
08/23/23, 18.63, 18.50, 18.50, 18.50
08/22/23, 19.10, 19.13, 19.13, 19.13
08/21/23, 19.99, 19.84, 19.84, 19.84
08/18/23, 20.77, 21.65, 20.21, 20.77
08/17/23, 19.44, 20.35, 20.35, 20.35
08/16/23, 19.19, 18.55, 18.55, 18.55
08/15/23, 17.89, 18.86, 18.86, 18.86
08/14/23, 18.92, 18.05, 18.05, 18.05
08/11/23, 18.38, 18.37, 18.37, 18.37
08/10/23, 18.00, 18.08, 18.08, 18.08
08/09/23, 18.42, 18.98, 18.98, 18.98
08/08/23, 19.11, 19.54, 19.54, 19.54
08/07/23, 19.43, 19.61, 18.36, 19.43
08/04/23, 19.09, 18.35, 18.35, 18.35
08/03/23, 20.23, 19.65, 19.65, 19.65
08/02/23, 18.75, 19.71, 19.71, 19.71
08/01/23, 16.35, 17.19, 17.19, 17.19
07/31/23, 15.87, 16.23, 16.23, 16.23
07/28/23, 15.54, 15.22, 15.22, 15.22
07/27/23, 15.57, 14.97, 14.97, 14.97
07/26/23, 15.85, 16.10, 16.10, 16.10
07/25/23, 15.69, 15.48, 15.48, 15.48
07/24/23, 15.95, 15.53, 15.53, 15.53
07/21/23, 15.92, 14.94, 14.94, 14.94
07/20/23, 16.50, 15.69, 15.69, 15.69
07/19/23, 15.06, 15.97, 15.97, 15.97
07/18/23, 15.87, 15.51, 15.51, 15.51
07/17/23, 15.69, 15.83, 15.83, 15.83
07/14/23, 15.15, 14.80, 14.80, 14.80
07/13/23, 15.01, 15.05, 15.05, 15.05
07/12/23, 16.48, 15.18, 15.18, 15.18
07/11/23, 17.07, 16.57, 16.57, 16.57
07/10/23, 18.54, 17.50, 17.50, 17.50
07/07/23, 18.54, 17.54, 17.54, 17.54
07/06/23, 19.23, 19.23, 19.23, 19.23
07/05/23, 15.29, 15.29, 15.29, 15.29
07/04/23, 14.10, 14.10, 14.10, 14.10
07/03/23, 13.87, 13.65, 13.65, 13.65
06/30/23, 14.09, 13.61, 13.61, 13.61
06/29/23, 14.21, 14.25, 14.25, 14.25
06/28/23, 14.94, 14.21, 14.21, 14.21
06/27/23, 15.40, 15.20, 15.20, 15.20
06/26/23, 16.21, 15.88, 15.88, 15.88
06/23/23, 15.03, 15.35, 15.35, 15.35
06/22/23, 15.63, 14.86, 14.86, 14.86
06/21/23, 14.47, 14.40, 14.40, 14.40
06/20/23, 14.41, 14.65, 14.65, 14.65
06/19/23, 13.61, 14.22, 14.22, 14.22
06/16/23, 13.89, 13.89, 13.06, 13.89
06/15/23, 13.26, 13.72, 13.72, 13.72
06/14/23, 14.65, 14.23, 14.23, 14.23
06/13/23, 15.20, 14.78, 14.78, 14.78
06/12/23, 15.22, 15.18, 15.18, 15.18
06/09/23, 15.12, 14.99, 14.99, 14.99
06/08/23, 15.61, 15.10, 15.10, 15.10
06/07/23, 15.31, 15.33, 15.33, 15.33
06/06/23, 16.37, 15.40, 15.40, 15.40
06/05/23, 16.65, 16.86, 16.06, 16.65
06/02/23, 17.01, 16.03, 16.03, 16.03
06/01/23, 18.05, 17.00, 17.00, 17.00
05/31/23, 19.14, 19.98, 19.98, 19.98
05/30/23, 18.14, 17.96, 17.96, 17.96
05/29/23, 17.63, 17.87, 17.87, 17.87
05/26/23, 19.19, 17.60, 17.60, 17.60
05/25/23, 20.56, 19.86, 19.86, 19.86
05/24/23, 20.02, 20.93, 20.93, 20.93
05/23/23, 16.66, 17.67, 17.67, 17.67
05/22/23, 16.25, 16.31, 16.31, 16.31
05/19/23, 15.26, 15.71, 14.96, 15.26
05/18/23, 16.44, 15.66, 15.66, 15.66
05/17/23, 17.08, 16.95, 16.95, 16.95
05/16/23, 17.23, 16.88, 16.88, 16.88
05/15/23, 16.99, 17.17, 17.17, 17.17
05/12/23, 17.86, 17.01, 17.01, 17.01
05/11/23, 18.16, 18.56, 18.56, 18.56
05/10/23, 18.70, 18.67, 18.67, 18.67
05/09/23, 18.32, 18.92, 18.92, 18.92
05/08/23, 18.53, 18.07, 18.07, 18.07
05/05/23, 20.06, 18.28, 18.28, 18.28
05/04/23, 20.85, 20.83, 20.83, 20.83
05/03/23, 19.51, 19.94, 19.94, 19.94
05/02/23, 17.98, 20.57, 20.57, 20.57
04/28/23, 18.10, 17.43, 17.43, 17.43
04/27/23, 19.02, 18.18, 18.18, 18.18
04/26/23, 19.05, 18.78, 18.78, 18.78
04/25/23, 18.12, 17.93, 17.93, 17.93
04/24/23, 18.20, 17.16, 17.16, 17.16
04/21/23, 17.90, 18.59, 17.07, 17.90
04/20/23, 17.23, 17.73, 17.73, 17.73
04/19/23, 17.40, 16.93, 16.93, 16.93
04/18/23, 16.90, 16.90, 16.90, 16.90
04/17/23, 16.61, 17.46, 17.46, 17.46
04/14/23, 17.53, 16.44, 16.44, 16.44
04/13/23, 18.14, 17.64, 17.64, 17.64
04/12/23, 19.17, 18.63, 18.63, 18.63
04/11/23, 19.46, 18.82, 18.82, 18.82
04/06/23, 19.47, 19.12, 19.12, 19.12
04/05/23, 18.88, 19.93, 19.93, 19.93
04/04/23, 18.48, 19.02, 19.02, 19.02
04/03/23, 20.10, 19.09, 19.09, 19.09
03/31/23, 19.59, 19.42, 19.42, 19.42
03/30/23, 20.07, 19.78, 19.78, 19.78
03/29/23, 21.22, 20.40, 20.40, 20.40
03/28/23, 21.97, 22.09, 22.09, 22.09
03/27/23, 23.18, 23.06, 23.06, 23.06
03/24/23, 23.51, 24.88, 24.88, 24.88
03/23/23, 22.13, 21.57, 21.57, 21.57
03/22/23, 23.80, 22.25, 22.25, 22.25
03/21/23, 26.31, 24.11, 24.11, 24.11
03/20/23, 33.09, 28.43, 28.43, 28.43
03/17/23, 25.09, 30.04, 30.04, 30.04
03/16/23, 30.23, 26.65, 26.65, 26.65
03/15/23, 22.95, 32.02, 32.02, 32.02
03/14/23, 25.44, 22.76, 22.76, 22.76
03/13/23, 21.88, 25.86, 25.86, 25.86
03/10/23, 21.46, 21.17, 21.17, 21.17
03/09/23, 18.23, 18.02, 18.02, 18.02
03/08/23, 18.77, 18.06, 18.06, 18.06
03/07/23, 18.11, 18.43, 18.43, 18.43
03/06/23, 18.44, 17.87, 17.87, 17.87
03/03/23, 19.07, 18.12, 18.12, 18.12
03/02/23, 21.26, 19.67, 19.67, 19.67
03/01/23, 19.09, 20.11, 20.11, 20.11
02/28/23, 20.39, 19.50, 19.50, 19.50
02/27/23, 21.35, 19.96, 19.96, 19.96
02/24/23, 19.65, 21.67, 21.67, 21.67
02/23/23, 20.30, 20.24, 20.24, 20.24
02/22/23, 21.20, 21.18, 21.18, 21.18
02/21/23, 19.94, 20.89, 20.89, 20.89
02/20/23, 19.43, 19.53, 19.53, 19.53
02/17/23, 19.78, 19.23, 19.23, 19.23
02/16/23, 17.18, 18.05, 18.05, 18.05
02/15/23, 18.77, 17.62, 17.62, 17.62
02/14/23, 19.76, 18.90, 18.90, 18.90
02/13/23, 20.60, 19.79, 19.79, 19.79
02/10/23, 18.92, 20.47, 20.47, 20.47
02/09/23, 18.15, 18.17, 18.17, 18.17
02/08/23, 18.32, 18.72, 18.72, 18.72
02/07/23, 18.92, 18.76, 18.76, 18.76
02/06/23, 17.63, 18.64, 18.64, 18.64
02/03/23, 17.79, 16.76, 16.76, 16.76
02/02/23, 17.25, 16.67, 16.67, 16.67
02/01/23, 18.71, 18.70, 18.70, 18.70
01/31/23, 19.03, 18.57, 18.57, 18.57
01/30/23, 19.08, 18.75, 18.75, 18.75
01/27/23, 18.09, 17.29, 17.29, 17.29
01/26/23, 17.84, 18.17, 18.17, 18.17
01/25/23, 18.08, 18.42, 18.42, 18.42
01/24/23, 18.22, 18.06, 18.06, 18.06
01/23/23, 18.96, 18.16, 18.16, 18.16
01/20/23, 19.51, 19.68, 18.66, 19.51
01/19/23, 18.83, 20.30, 20.30, 20.30
01/18/23, 18.01, 18.12, 18.12, 18.12
01/17/23, 18.53, 18.62, 18.62, 18.62
01/16/23, 17.89, 18.35, 18.35, 18.35
01/13/23, 17.75, 17.34, 17.34, 17.34
01/12/23, 19.50, 17.94, 17.94, 17.94
01/11/23, 19.09, 19.34, 19.34, 19.34
01/10/23, 19.49, 19.25, 19.25, 19.25
01/09/23, 19.06, 19.00, 19.00, 19.00
01/06/23, 19.53, 18.49, 18.49, 18.49
01/05/23, 19.56, 19.53, 19.53, 19.53
01/04/23, 19.88, 19.45, 19.45, 19.45
01/03/23, 20.97, 20.28, 20.28, 20.28
01/02/23, 21.06, 20.77, 20.77, 20.77
12/30/22, 20.37, 20.89, 20.89, 20.89
12/29/22, 20.91, 19.93, 19.93, 19.93
12/28/22, 20.49, 20.51, 20.51, 20.51
12/27/22, 20.70, 20.66, 20.66, 20.66
12/23/22, 20.04, 20.04, 20.04, 20.04
12/22/22, 18.86, 19.96, 19.96, 19.96
12/21/22, 20.21, 19.06, 19.06, 19.06
12/20/22, 21.71, 20.69, 20.69, 20.69
12/19/22, 21.17, 20.60, 20.60, 20.60
12/16/22, 21.10, 21.32, 21.32, 21.32
12/15/22, 19.57, 20.84, 20.84, 20.84
12/14/22, 20.16, 20.34, 20.34, 20.34
12/13/22, 22.83, 20.39, 20.39, 20.39
12/12/22, 22.74, 22.54, 22.54, 22.54
12/09/22, 21.70, 21.40, 21.40, 21.40
12/08/22, 22.02, 21.79, 21.79, 21.79
12/07/22, 21.09, 22.03, 22.03, 22.03
12/06/22, 19.87, 20.81, 20.81, 20.81
12/05/22, 20.14, 19.82, 19.82, 19.82
12/02/22, 20.29, 19.33, 19.33, 19.33
12/01/22, 20.32, 20.32, 20.32, 20.32
11/30/22, 21.13, 21.21, 21.21, 21.21
11/29/22, 21.59, 21.70, 21.70, 21.70
11/28/22, 21.04, 21.52, 21.52, 21.52
11/25/22, 19.82, 19.93, 19.93, 19.93
11/24/22, 19.38, 19.56, 19.56, 19.56
11/23/22, 20.08, 19.51, 19.51, 19.51
11/22/22, 20.90, 20.22, 20.22, 20.22
11/21/22, 21.61, 21.17, 21.17, 21.17
11/18/22, 21.55, 20.88, 20.88, 20.88
11/17/22, 20.93, 21.82, 21.82, 21.82
11/16/22, 21.14, 21.17, 21.17, 21.17
11/15/22, 20.90, 20.86, 20.86, 20.86
11/14/22, 21.35, 20.94, 20.94, 20.94
11/11/22, 21.59, 20.78, 20.78, 20.78
11/10/22, 23.73, 21.32, 21.32, 21.32
11/09/22, 23.19, 23.24, 23.24, 23.24
11/08/22, 22.89, 22.61, 22.61, 22.61
11/07/22, 23.74, 22.66, 22.66, 22.66
11/04/22, 23.57, 22.91, 22.91, 22.91
11/03/22, 24.21, 23.77, 23.77, 23.77
11/02/22, 24.54, 24.70, 24.70, 24.70
11/01/22, 24.47, 24.47, 24.47, 24.47
10/31/22, 25.74, 24.83, 24.83, 24.83
10/28/22, 26.33, 24.89, 24.89, 24.89
10/27/22, 27.03, 25.87, 25.87, 25.87
10/26/22, 27.28, 26.95, 26.95, 26.95
10/25/22, 28.33, 27.62, 27.62, 27.62
10/24/22, 28.79, 28.68, 28.68, 28.68
10/21/22, 28.24, 27.83, 27.83, 27.83
10/20/22, 28.67, 27.75, 27.75, 27.75
10/19/22, 28.55, 28.30, 28.30, 28.30
10/18/22, 29.30, 28.92, 28.92, 28.92
10/17/22, 30.36, 29.27, 29.27, 29.27
10/14/22, 30.00, 29.77, 29.77, 29.77
10/13/22, 32.16, 30.20, 30.20, 30.20
10/12/22, 32.35, 31.82, 31.82, 31.82
10/11/22, 32.46, 32.01, 32.01, 32.01
10/10/22, 31.51, 31.87, 31.87, 31.87
10/07/22, 29.70, 29.92, 29.92, 29.92
10/06/22, 29.05, 29.17, 29.17, 29.17
10/05/22, 29.47, 29.86, 29.86, 29.86
10/04/22, 29.89, 29.27, 29.27, 29.27
10/03/22, 33.14, 30.71, 30.71, 30.71
09/30/22, 31.88, 30.71, 30.71, 30.71
09/29/22, 32.12, 33.07, 33.07, 33.07
09/28/22, 33.44, 31.34, 31.34, 31.34
09/27/22, 30.65, 31.32, 31.32, 31.32
09/26/22, 31.46, 30.75, 30.75, 30.75
09/23/22, 28.07, 30.00, 30.00, 30.00
09/22/22, 28.10, 28.00, 28.00, 28.00
09/21/22, 28.59, 27.27, 27.27, 27.27
09/20/22, 25.57, 27.16, 27.16, 27.16
09/19/22, 27.56, 26.19, 26.19, 26.19
09/16/22, 26.44, 26.43, 26.43, 26.43
09/15/22, 25.26, 25.35, 25.35, 25.35
09/14/22, 26.13, 26.24, 26.24, 26.24
09/13/22, 24.71, 26.04, 26.04, 26.04
09/12/22, 25.33, 24.62, 24.62, 24.62
09/09/22, 25.18, 24.88, 24.88, 24.88
09/08/22, 26.53, 25.92, 25.92, 25.92
09/07/22, 28.14, 27.13, 27.13, 27.13
09/06/22, 27.27, 27.35, 27.35, 27.35
09/05/22, 28.67, 27.79, 27.79, 27.79
09/02/22, 27.86, 25.50, 25.50, 25.50
09/01/22, 28.80, 29.15, 29.15, 29.15
08/31/22, 27.65, 27.95, 27.95, 27.95
08/30/22, 27.67, 28.37, 28.37, 28.37
08/29/22, 29.17, 28.46, 28.46, 28.46
08/26/22, 24.16, 26.66, 26.66, 26.66
08/25/22, 24.66, 24.72, 24.72, 24.72
08/24/22, 26.62, 25.45, 25.45, 25.45
08/23/22, 27.62, 26.92, 26.92, 26.92
08/22/22, 25.97, 27.37, 27.37, 27.37
08/19/22, 23.06, 24.58, 22.90, 23.06
08/18/22, 22.86, 22.67, 22.67, 22.67
08/17/22, 21.40, 22.75, 22.75, 22.75
08/16/22, 21.54, 21.34, 21.34, 21.34
08/15/22, 22.30, 21.59, 21.59, 21.59
08/12/22, 21.44, 21.21, 21.21, 21.21
08/11/22, 21.68, 21.65, 21.65, 21.65
08/10/22, 23.64, 21.79, 21.79, 21.79
08/09/22, 22.36, 23.28, 23.28, 23.28
08/08/22, 22.75, 22.08, 22.08, 22.08
08/05/22, 21.95, 22.85, 22.85, 22.85
08/04/22, 22.33, 22.45, 22.45, 22.45
08/03/22, 24.15, 22.34, 22.34, 22.34
08/02/22, 24.70, 23.77, 23.77, 23.77
08/01/22, 23.16, 22.96, 22.96, 22.96
07/29/22, 21.94, 22.30, 22.30, 22.30
07/28/22, 23.77, 22.55, 22.55, 22.55
07/27/22, 25.03, 24.04, 24.04, 24.04
07/26/22, 24.82, 25.57, 25.57, 25.57
07/25/22, 25.26, 24.53, 24.53, 24.53
07/22/22, 25.61, 24.06, 24.06, 24.06
07/21/22, 27.31, 25.55, 25.55, 25.55
07/20/22, 26.67, 28.35, 26.54, 26.67
07/19/22, 29.44, 26.72, 26.72, 26.72
07/18/22, 29.33, 29.06, 29.06, 29.06
07/15/22, 31.73, 28.82, 28.82, 28.82
07/14/22, 29.93, 31.82, 31.82, 31.82
07/13/22, 30.07, 29.85, 29.85, 29.85
07/12/22, 29.80, 29.26, 29.26, 29.26
07/11/22, 29.60, 28.87, 28.87, 28.87
07/08/22, 28.82, 29.16, 27.24, 28.82
07/07/22, 29.08, 28.32, 28.32, 28.32
07/06/22, 30.19, 30.11, 30.11, 30.11
07/05/22, 28.28, 31.60, 31.60, 31.60
07/04/22, 28.91, 28.32, 28.32, 28.32
07/01/22, 30.44, 28.76, 28.76, 28.76
06/30/22, 29.94, 29.78, 29.78, 29.78
06/29/22, 27.65, 28.11, 28.11, 28.11
06/28/22, 26.52, 26.68, 26.68, 26.68
06/27/22, 28.33, 27.02, 27.02, 27.02
06/24/22, 28.99, 27.77, 27.77, 27.77
06/23/22, 28.29, 29.21, 29.21, 29.21
06/22/22, 30.21, 28.68, 28.68, 28.68
06/21/22, 27.68, 28.11, 28.11, 28.11
06/20/22, 31.14, 28.59, 28.59, 28.59
06/17/22, 32.41, 30.89, 30.89, 30.89
06/16/22, 29.82, 32.59, 32.59, 32.59
06/15/22, 30.62, 30.07, 30.07, 30.07
06/14/22, 31.23, 31.57, 31.57, 31.57
06/13/22, 30.37, 31.81, 31.81, 31.81
06/10/22, 25.27, 27.66, 27.66, 27.66
06/09/22, 23.55, 23.97, 23.97, 23.97
06/08/22, 23.23, 23.13, 23.13, 23.13
06/07/22, 23.65, 23.59, 23.59, 23.59
06/06/22, 23.09, 22.97, 22.97, 22.97
06/03/22, 23.35, 23.39, 23.39, 23.39
06/02/22, 24.26, 23.39, 23.39, 23.39
06/01/22, 24.50, 25.44, 25.44, 25.44
05/31/22, 24.61, 25.25, 25.25, 25.25
05/30/22, 24.17, 23.73, 23.73, 23.73
05/27/22, 25.38, 23.85, 23.85, 23.85
05/26/22, 26.55, 25.66, 25.66, 25.66
05/25/22, 27.70, 27.42, 27.42, 27.42
05/24/22, 28.35, 28.61, 28.61, 28.61
05/23/22, 28.41, 27.58, 27.58, 27.58
05/20/22, 27.90, 28.66, 28.66, 28.66
05/19/22, 29.58, 29.47, 29.47, 29.47
05/18/22, 26.36, 27.63, 27.63, 27.63
05/17/22, 27.09, 26.24, 26.24, 26.24
05/16/22, 30.45, 28.22, 28.22, 28.22
05/13/22, 31.63, 29.11, 29.11, 29.11
05/12/22, 33.45, 32.40, 32.40, 32.40
05/11/22, 33.67, 31.12, 31.12, 31.12
05/10/22, 34.44, 35.01, 35.01, 35.01
05/09/22, 33.61, 35.91, 35.91, 35.91
05/06/22, 33.56, 32.80, 32.80, 32.80
05/05/22, 30.01, 32.77, 32.77, 32.77
05/04/22, 30.96, 31.23, 31.23, 31.23
05/03/22, 32.00, 31.38, 31.38, 31.38
05/02/22, 33.44, 34.07, 34.07, 34.07
04/29/22, 29.90, 30.77, 30.77, 30.77
04/28/22, 31.02, 31.28, 31.28, 31.28
04/27/22, 32.85, 32.74, 32.74, 32.74
04/26/22, 29.61, 32.71, 32.71, 32.71
04/25/22, 31.34, 31.46, 31.46, 31.46
04/22/22, 25.97, 28.34, 28.34, 28.34
04/21/22, 24.44, 24.54, 24.54, 24.54
04/20/22, 26.74, 24.98, 24.98, 24.98
04/19/22, 29.19, 27.44, 27.44, 27.44
04/14/22, 27.91, 28.59, 26.60, 27.91
04/13/22, 30.49, 28.84, 28.84, 28.84
04/12/22, 32.26, 30.01, 30.01, 30.01
04/11/22, 31.57, 30.23, 30.23, 30.23
04/08/22, 30.30, 30.73, 30.73, 30.73
04/07/22, 30.75, 32.53, 32.53, 32.53
04/06/22, 29.31, 32.24, 32.24, 32.24
04/05/22, 26.88, 29.16, 29.16, 29.16
04/04/22, 29.53, 26.73, 26.73, 26.73
04/01/22, 29.11, 28.50, 28.50, 28.50
03/31/22, 27.01, 28.99, 28.99, 28.99
03/30/22, 27.22, 28.10, 28.10, 28.10
03/29/22, 28.91, 26.58, 26.58, 26.58
03/28/22, 31.65, 30.50, 30.50, 30.50
03/25/22, 31.87, 32.23, 32.23, 32.23
03/24/22, 30.14, 31.16, 31.16, 31.16
03/23/22, 27.31, 30.77, 30.77, 30.77
03/22/22, 27.86, 27.48, 27.48, 27.48
03/21/22, 29.81, 28.34, 28.34, 28.34
03/18/22, 31.60, 33.91, 29.80, 31.60
03/17/22, 34.57, 32.02, 32.02, 32.02
03/16/22, 38.68, 36.01, 36.01, 36.01
03/15/22, 43.38, 41.20, 41.20, 41.20
03/14/22, 41.11, 41.98, 39.43, 41.11
03/11/22, 42.20, 41.37, 41.37, 41.37
03/10/22, 42.80, 43.35, 43.35, 43.35
03/09/22, 42.30, 41.50, 41.50, 41.50
03/08/22, 47.24, 45.56, 45.56, 45.56
03/07/22, 56.70, 48.24, 48.24, 48.24
03/04/22, 41.39, 49.69, 41.39, 41.39
03/03/22, 37.10, 40.45, 40.45, 40.45
03/02/22, 42.46, 38.78, 38.78, 38.78
03/01/22, 35.35, 41.58, 41.58, 41.58
02/28/22, 37.55, 35.29, 35.29, 35.29
02/25/22, 35.95, 32.12, 32.12, 32.12
02/24/22, 38.71, 38.13, 38.13, 38.13
02/23/22, 30.35, 33.46, 33.46, 33.46
02/22/22, 37.43, 32.98, 32.98, 32.98
02/21/22, 31.70, 36.22, 36.22, 36.22
02/18/22, 28.57, 33.00, 27.95, 28.57
02/17/22, 26.13, 28.79, 28.79, 28.79
02/16/22, 25.40, 26.61, 26.61, 26.61
02/15/22, 28.56, 27.05, 27.05, 27.05
02/14/22, 31.99, 30.05, 30.05, 30.05
02/11/22, 24.01, 24.66, 24.66, 24.66
02/10/22, 20.99, 21.84, 21.84, 21.84
02/09/22, 21.84, 21.41, 21.41, 21.41
02/08/22, 23.74, 23.16, 23.16, 23.16
02/07/22, 25.50, 24.24, 24.24, 24.24
02/04/22, 24.74, 26.30, 26.30, 26.30
02/03/22, 23.76, 24.33, 24.33, 24.33
02/02/22, 22.10, 22.64, 22.64, 22.64
02/01/22, 24.55, 24.09, 24.09, 24.09
01/31/22, 28.52, 29.01, 26.52, 28.52
01/28/22, 28.38, 29.41, 29.41, 29.41
01/27/22, 29.91, 28.03, 28.03, 28.03
01/26/22, 28.27, 28.34, 28.34, 28.34
01/25/22, 31.28, 31.45, 31.45, 31.45
01/24/22, 25.74, 32.68, 32.68, 32.68
01/21/22, 24.20, 24.22, 24.22, 24.22
01/20/22, 21.80, 20.40, 20.40, 20.40
01/19/22, 22.68, 22.36, 22.36, 22.36
01/18/22, 22.13, 21.96, 21.96, 21.96
01/17/22, 21.08, 20.04, 20.04, 20.04
01/14/22, 20.20, 21.40, 21.40, 21.40
01/13/22, 18.21, 18.46, 18.46, 18.46
01/12/22, 18.86, 18.30, 18.30, 18.30
01/11/22, 20.54, 19.79, 19.79, 19.79
01/10/22, 20.85, 22.54, 22.54, 22.54
01/07/22, 20.17, 20.62, 20.62, 20.62
01/06/22, 21.17, 20.10, 20.10, 20.10
01/05/22, 18.07, 17.76, 17.76, 17.76
01/04/22, 18.95, 18.64, 18.64, 18.64
01/03/22, 19.09, 19.17, 19.17, 19.17
12/30/21, 19.56, 19.27, 19.27, 19.27
12/29/21, 19.15, 20.18, 20.18, 20.18
12/28/21, 19.80, 19.07, 19.07, 19.07
12/27/21, 20.55, 19.66, 19.66, 19.66
12/23/21, 20.18, 19.04, 19.04, 19.04
12/22/21, 22.33, 21.04, 21.04, 21.04
12/21/21, 24.22, 22.83, 22.83, 22.83
12/20/21, 28.37, 26.84, 26.84, 26.84
12/17/21, 21.68, 21.98, 21.98, 21.98
12/16/21, 19.94, 20.61, 20.61, 20.61
12/15/21, 23.54, 24.74, 24.74, 24.74
12/14/21, 21.58, 24.42, 24.42, 24.42
12/13/21, 22.20, 23.02, 23.02, 23.02
12/10/21, 24.40, 22.43, 22.43, 22.43
12/09/21, 23.90, 23.52, 23.52, 23.52
12/08/21, 23.87, 24.71, 24.71, 24.71
12/07/21, 28.77, 24.87, 24.87, 24.87
12/06/21, 31.87, 30.04, 30.04, 30.04
12/03/21, 28.99, 31.48, 31.48, 31.48
12/02/21, 28.80, 30.47, 30.47, 30.47
12/01/21, 28.59, 26.02, 26.02, 26.02
11/30/21, 30.18, 30.07, 30.07, 30.07
11/29/21, 31.29, 28.80, 28.80, 28.80
11/26/21, 29.09, 32.31, 32.31, 32.31
11/25/21, 19.89, 19.88, 19.88, 19.88
11/24/21, 20.39, 20.67, 20.67, 20.67
11/23/21, 21.28, 20.64, 20.64, 20.64
11/22/21, 19.05, 18.88, 18.88, 18.88
11/19/21, 17.65, 19.12, 19.12, 19.12
11/18/21, 16.77, 17.77, 17.77, 17.77
11/17/21, 16.70, 16.68, 16.68, 16.68
11/16/21, 16.62, 16.80, 16.80, 16.80
11/15/21, 16.65, 16.65, 16.65, 16.65
11/12/21, 16.93, 16.14, 16.14, 16.14
11/11/21, 17.50, 17.09, 17.09, 17.09
11/10/21, 17.66, 17.18, 17.18, 17.18
11/09/21, 17.41, 18.06, 18.06, 18.06
11/08/21, 17.43, 17.20, 17.20, 17.20
11/05/21, 15.91, 16.40, 16.40, 16.40
11/04/21, 15.59, 15.97, 15.97, 15.97
11/03/21, 16.98, 16.47, 16.47, 16.47
11/02/21, 17.69, 16.86, 16.86, 16.86
11/01/21, 17.71, 17.50, 17.50, 17.50
10/29/21, 18.53, 17.62, 17.62, 17.62
10/28/21, 17.39, 17.61, 17.61, 17.61
10/27/21, 16.62, 16.92, 16.92, 16.92
10/26/21, 16.10, 16.15, 16.15, 16.15
10/25/21, 17.31, 16.28, 16.28, 16.28
10/22/21, 16.68, 16.40, 16.40, 16.40
10/21/21, 16.83, 16.92, 16.39, 16.83
10/20/21, 16.60, 15.98, 15.98, 15.98
10/19/21, 17.34, 16.29, 16.29, 16.29
10/18/21, 18.28, 17.13, 17.13, 17.13
10/15/21, 16.31, 16.35, 16.35, 16.35
10/14/21, 18.30, 16.99, 16.99, 16.99
10/13/21, 21.15, 19.84, 19.84, 19.84
10/12/21, 21.32, 20.74, 20.74, 20.74
10/11/21, 21.39, 20.18, 20.18, 20.18
10/08/21, 20.95, 20.28, 20.28, 20.28
10/07/21, 22.23, 21.02, 21.02, 21.02
10/06/21, 24.71, 24.33, 24.33, 24.33
10/05/21, 24.12, 22.23, 22.23, 22.23
10/04/21, 24.59, 25.19, 25.19, 25.19
10/01/21, 25.69, 24.04, 24.04, 24.04
09/30/21, 23.51, 23.24, 23.24, 23.24
09/29/21, 23.47, 23.96, 23.96, 23.96
09/28/21, 22.05, 24.89, 24.89, 24.89
09/27/21, 21.02, 20.83, 20.83, 20.83
09/24/21, 21.68, 21.85, 21.85, 21.85
09/23/21, 21.24, 20.62, 20.62, 20.62
09/22/21, 23.47, 22.81, 22.81, 22.81
09/21/21, 25.11, 25.51, 25.51, 25.51
09/20/21, 27.41, 26.47, 26.47, 26.47
09/17/21, 20.10, 23.17, 23.17, 23.17
09/16/21, 20.53, 21.65, 21.65, 21.65
09/15/21, 20.32, 21.69, 21.69, 21.69
09/14/21, 20.88, 20.46, 20.46, 20.46
09/13/21, 20.28, 20.74, 20.74, 20.74
09/10/21, 19.20, 20.36, 20.36, 20.36
09/09/21, 21.64, 19.64, 19.64, 19.64
09/08/21, 20.58, 20.49, 20.49, 20.49
09/07/21, 17.68, 18.60, 18.60, 18.60
09/06/21, 17.78, 17.56, 17.56, 17.56
09/03/21, 17.42, 18.19, 18.19, 18.19
09/02/21, 17.37, 16.97, 16.97, 16.97
09/01/21, 17.40, 17.47, 17.47, 17.47
08/31/21, 17.35, 18.77, 18.77, 18.77
08/30/21, 18.01, 17.50, 17.50, 17.50
08/27/21, 19.24, 17.60, 17.60, 17.60
08/26/21, 19.53, 19.09, 19.09, 19.09
08/25/21, 17.95, 17.83, 17.83, 17.83
08/24/21, 17.49, 18.09, 18.09, 18.09
08/23/21, 18.92, 17.89, 17.89, 17.89
08/20/21, 22.25, 20.15, 20.15, 20.15
08/19/21, 21.08, 22.13, 22.13, 22.13
08/18/21, 18.58, 18.47, 18.47, 18.47
08/17/21, 19.20, 18.39, 18.39, 18.39
08/16/21, 17.17, 18.00, 18.00, 18.00
08/13/21, 16.07, 15.80, 15.80, 15.80
08/12/21, 16.93, 16.11, 16.11, 16.11
08/11/21, 17.12, 17.04, 17.04, 17.04
08/10/21, 17.21, 17.28, 17.28, 17.28
08/09/21, 18.35, 17.55, 17.55, 17.55
08/06/21, 18.51, 17.89, 17.89, 17.89
08/05/21, 18.79, 18.25, 18.25, 18.25
08/04/21, 19.36, 19.21, 19.21, 19.21
08/03/21, 20.41, 20.22, 20.22, 20.22
08/02/21, 19.75, 19.84, 19.84, 19.84
07/30/21, 21.47, 20.94, 20.94, 20.94
07/29/21, 18.73, 19.26, 19.26, 19.26
07/28/21, 21.15, 19.48, 19.48, 19.48
07/27/21, 19.81, 21.36, 21.36, 21.36
07/26/21, 19.43, 18.53, 18.53, 18.53
07/23/21, 19.26, 17.55, 17.55, 17.55
07/22/21, 20.27, 19.91, 19.91, 19.91
07/21/21, 23.05, 21.52, 21.52, 21.52
07/20/21, 22.85, 24.49, 24.49, 24.49
07/19/21, 22.24, 25.44, 25.44, 25.44
07/16/21, 17.91, 19.45, 19.45, 19.45
07/15/21, 17.23, 18.64, 18.64, 18.64
07/14/21, 18.47, 17.68, 17.68, 17.68
07/13/21, 18.25, 18.00, 18.00, 18.00
07/12/21, 18.21, 17.95, 17.95, 17.95
07/09/21, 18.71, 17.95, 17.95, 17.95
07/08/21, 18.95, 19.97, 19.97, 19.97
07/07/21, 17.13, 17.32, 17.32, 17.32
07/06/21, 17.17, 18.13, 18.13, 18.13
07/02/21, 17.61, 16.57, 16.57, 16.57
07/01/21, 17.39, 17.73, 17.73, 17.73
06/30/21, 17.34, 18.18, 18.18, 18.18
06/29/21, 17.09, 16.95, 16.95, 16.95
06/28/21, 17.21, 17.65, 17.65, 17.65
06/25/21, 17.49, 16.68, 16.68, 16.68
06/24/21, 17.60, 17.35, 17.35, 17.35
06/23/21, 17.35, 18.55, 18.55, 18.55
06/22/21, 19.59, 17.57, 17.57, 17.57
06/21/21, 22.99, 19.48, 19.48, 19.48
06/18/21, 16.84, 20.76, 20.76, 20.76
06/17/21, 17.35, 17.08, 17.08, 17.08
06/01/21, 18.17, 18.77, 18.77, 18.77
05/31/21, 17.74, 19.10, 19.10, 19.10
05/28/21, 17.33, 17.17, 17.17, 17.17
05/27/21, 18.41, 17.82, 17.82, 17.82
05/26/21, 18.66, 18.28, 18.28, 18.28
05/25/21, 19.16, 19.08, 19.08, 19.08
05/24/21, 20.75, 20.77, 19.23, 20.75
05/21/21, 21.51, 23.12, 20.30, 21.51
05/20/21, 22.80, 22.10, 22.10, 22.10
05/19/21, 23.78, 24.48, 24.48, 24.48
05/18/21, 20.22, 21.31, 21.31, 21.31
05/17/21, 19.66, 21.81, 21.81, 21.81
05/14/21, 21.48, 19.55, 19.55, 19.55
05/13/21, 26.07, 23.35, 23.35, 23.35
05/12/21, 23.09, 23.94, 23.94, 23.94
05/11/21, 21.72, 22.56, 22.56, 22.56
05/10/21, 18.70, 18.50, 18.50, 18.50
05/07/21, 19.77, 18.38, 18.38, 18.38
05/06/21, 19.17, 20.38, 20.38, 20.38
05/05/21, 20.60, 19.90, 19.90, 19.90
05/04/21, 19.08, 22.82, 22.82, 22.82
05/03/21, 20.48, 19.93, 19.93, 19.93
04/30/21, 18.45, 20.63, 20.63, 20.63
04/29/21, 18.00, 18.88, 18.88, 18.88
04/28/21, 18.57, 18.38, 18.38, 18.38
04/27/21, 18.41, 19.21, 19.21, 19.21
04/26/21, 18.64, 18.28, 18.28, 18.28
04/23/21, 18.66, 18.19, 18.19, 18.19
04/22/21, 18.48, 17.76, 17.76, 17.76
04/21/21, 19.72, 19.28, 19.28, 19.28
04/20/21, 17.69, 21.08, 21.08, 21.08
04/19/21, 16.64, 17.21, 17.21, 17.21
04/16/21, 15.65, 16.11, 16.11, 16.11
04/15/21, 15.37, 15.71, 15.71, 15.71
04/14/21, 16.17, 16.19, 16.19, 16.19
04/13/21, 16.67, 17.28, 16.04, 16.67
04/12/21, 16.61, 17.05, 17.05, 17.05
04/09/21, 16.39, 16.18, 16.18, 16.18
04/08/21, 16.28, 16.16, 16.16, 16.16
04/06/21, 17.82, 17.11, 17.11, 17.11
04/01/21, 17.55, 16.90, 16.90, 16.90
03/31/21, 17.96, 17.97, 17.97, 17.97
03/30/21, 17.91, 18.47, 18.47, 18.47
03/29/21, 17.98, 18.35, 18.35, 18.35
03/26/21, 17.69, 17.11, 17.11, 17.11
03/25/21, 18.26, 18.88, 18.88, 18.88
03/24/21, 18.38, 17.77, 17.77, 17.77
03/22/21, 19.65, 17.68, 17.68, 17.68
03/19/21, 18.55, 18.39, 18.39, 18.39
03/18/21, 17.00, 17.46, 17.46, 17.46
03/17/21, 17.59, 17.57, 17.57, 17.57
03/16/21, 18.07, 17.55, 17.55, 17.55
03/15/21, 18.43, 18.62, 18.62, 18.62
03/12/21, 19.62, 18.71, 18.71, 18.71
03/11/21, 19.46, 18.88, 18.88, 18.88
03/10/21, 20.34, 19.67, 19.67, 19.67
03/09/21, 21.18, 20.26, 20.26, 20.26
03/08/21, 24.04, 20.90, 20.90, 20.90
03/05/21, 23.82, 25.08, 25.08, 25.08
03/04/21, 22.91, 22.09, 22.09, 22.09
03/03/21, 20.68, 21.70, 21.70, 21.70
03/02/21, 21.97, 21.81, 21.81, 21.81
03/01/21, 23.43, 22.16, 22.16, 22.16
02/26/21, 25.88, 26.86, 26.86, 26.86
02/25/21, 20.75, 22.10, 22.10, 22.10
02/24/21, 22.71, 21.43, 21.43, 21.43
02/23/21, 21.44, 23.13, 23.13, 23.13
02/22/21, 23.49, 21.69, 21.69, 21.69
02/19/21, 22.46, 20.48, 20.48, 20.48
02/18/21, 20.81, 22.52, 22.52, 22.52
02/17/21, 21.48, 21.83, 21.83, 21.83
02/16/21, 20.24, 20.98, 19.85, 20.24
02/15/21, 20.14, 20.15, 20.15, 20.15
02/12/21, 20.98, 20.06, 20.06, 20.06
02/11/21, 21.88, 21.21, 21.21, 21.21
02/09/21, 20.63, 21.12, 21.12, 21.12
02/08/21, 20.97, 20.44, 20.44, 20.44
02/05/21, 21.15, 20.64, 20.64, 20.64
02/04/21, 21.88, 21.37, 21.37, 21.37
02/03/21, 22.58, 22.72, 22.72, 22.72
02/02/21, 24.87, 24.02, 24.02, 24.02
02/01/21, 27.97, 27.33, 27.33, 27.33
01/29/21, 29.46, 29.01, 29.01, 29.01
01/28/21, 29.56, 25.93, 25.93, 25.93
01/27/21, 23.77, 26.77, 26.77, 26.77
01/26/21, 25.22, 23.10, 23.10, 23.10
01/25/21, 21.46, 26.01, 26.01, 26.01
01/22/21, 21.00, 21.32, 21.32, 21.32
01/21/21, 19.41, 19.94, 19.94, 19.94
01/20/21, 21.20, 20.28, 20.28, 20.28
01/19/21, 21.48, 21.75, 21.75, 21.75
01/18/21, 23.13, 21.95, 21.95, 21.95
01/15/21, 20.56, 22.43, 22.43, 22.43
01/14/21, 19.89, 19.69, 19.69, 19.69
01/13/21, 21.33, 21.09, 21.09, 21.09
01/12/21, 21.68, 21.95, 21.95, 21.95
01/11/21, 21.28, 21.98, 21.98, 21.98
01/08/21, 20.78, 20.53, 20.53, 20.53
01/07/21, 21.89, 21.02, 21.02, 21.02
01/06/21, 23.96, 21.44, 21.44, 21.44
01/05/21, 24.91, 25.20, 25.20, 25.20
01/04/21, 22.99, 24.84, 24.84, 24.84
12/30/20, 22.54, 23.37, 23.37, 23.37
12/29/20, 21.55, 22.38, 22.38, 22.38
12/28/20, 23.24, 21.71, 21.71, 21.71
12/23/20, 24.00, 23.15, 23.15, 23.15
12/22/20, 25.66, 25.21, 25.21, 25.21
12/21/20, 25.49, 27.26, 27.26, 27.26
12/18/20, 20.71, 21.63, 21.63, 21.63
12/17/20, 20.22, 20.51, 20.51, 20.51
12/16/20, 21.25, 21.14, 21.14, 21.14
12/15/20, 22.81, 21.73, 21.73, 21.73
12/14/20, 22.33, 22.52, 22.52, 22.52
12/11/20, 21.14, 23.61, 23.61, 23.61
12/10/20, 20.49, 20.66, 20.66, 20.66
12/09/20, 20.26, 20.02, 20.02, 20.02
12/08/20, 21.24, 20.54, 20.54, 20.54
12/07/20, 21.93, 21.44, 21.44, 21.44
12/04/20, 21.02, 20.82, 20.82, 20.82
12/03/20, 21.65, 21.32, 21.32, 21.32
12/02/20, 21.54, 21.69, 21.69, 21.69
12/01/20, 21.76, 21.30, 21.30, 21.30
11/30/20, 22.18, 22.91, 21.32, 22.18
11/27/20, 20.17, 20.08, 20.08, 20.08
11/26/20, 20.65, 20.23, 20.23, 20.23
11/25/20, 21.26, 20.78, 20.78, 20.78
11/24/20, 21.62, 21.37, 21.37, 21.37
11/23/20, 21.96, 22.49, 22.49, 22.49
11/20/20, 21.61, 21.44, 21.44, 21.44
11/19/20, 21.63, 21.97, 21.97, 21.97
11/18/20, 22.47, 20.90, 20.90, 20.90
11/17/20, 22.24, 22.25, 22.25, 22.25
11/16/20, 23.34, 22.38, 22.38, 22.38
11/13/20, 23.90, 23.14, 23.14, 23.14
11/12/20, 23.94, 23.30, 23.30, 23.30
11/11/20, 24.74, 23.13, 23.13, 23.13
11/10/20, 24.54, 25.08, 25.08, 25.08
11/09/20, 24.98, 23.86, 23.86, 23.86
11/06/20, 26.35, 25.62, 25.62, 25.62
11/05/20, 26.81, 26.37, 26.37, 26.37
11/04/20, 33.81, 28.00, 28.00, 28.00
11/03/20, 34.07, 32.76, 32.76, 32.76
11/02/20, 36.22, 35.23, 35.23, 35.23
10/30/20, 37.61, 35.35, 35.35, 35.35
10/29/20, 38.00, 37.55, 37.55, 37.55
10/28/20, 37.59, 38.26, 38.26, 38.26
10/27/20, 32.54, 32.74, 32.74, 32.74
10/26/20, 30.92, 31.76, 31.76, 31.76
10/23/20, 28.91, 28.16, 28.16, 28.16
10/22/20, 30.88, 28.99, 28.99, 28.99
10/21/20, 28.24, 29.45, 29.45, 29.45
10/20/20, 27.29, 27.63, 27.63, 27.63
10/19/20, 25.55, 26.62, 26.62, 26.62
10/16/20, 25.45, 25.32, 25.32, 25.32
10/15/20, 25.09, 26.84, 26.84, 26.84
10/14/20, 23.03, 23.24, 23.24, 23.24
10/13/20, 22.83, 22.94, 22.94, 22.94
10/12/20, 22.63, 22.25, 22.25, 22.25
10/09/20, 23.19, 22.24, 22.24, 22.24
10/08/20, 24.40, 23.98, 23.98, 23.98
10/07/20, 25.31, 24.97, 24.97, 24.97
10/06/20, 25.81, 25.21, 25.21, 25.21
10/05/20, 27.38, 26.28, 26.28, 26.28
10/02/20, 27.95, 26.82, 26.82, 26.82
10/01/20, 26.09, 26.54, 26.54, 26.54
09/30/20, 27.16, 26.06, 26.06, 26.06
09/29/20, 27.55, 26.90, 26.90, 26.90
09/28/20, 27.04, 26.82, 26.82, 26.82
09/25/20, 28.22, 27.81, 27.81, 27.81
09/24/20, 28.95, 28.34, 28.34, 28.34
09/23/20, 27.51, 27.17, 27.17, 27.17
09/22/20, 28.89, 28.11, 28.11, 28.11
09/21/20, 25.53, 30.15, 25.53, 25.53
09/18/20, 22.67, 23.33, 21.54, 22.67
09/17/20, 23.74, 22.55, 22.55, 22.55
09/16/20, 21.78, 21.99, 21.99, 21.99
09/15/20, 22.51, 22.12, 22.12, 22.12
09/14/20, 23.24, 22.57, 22.57, 22.57
09/11/20, 24.87, 23.72, 23.72, 23.72
09/10/20, 25.78, 25.01, 25.01, 25.01
09/09/20, 27.25, 25.89, 25.89, 25.89
09/08/20, 27.50, 28.45, 28.45, 28.45
09/07/20, 29.23, 27.92, 27.92, 27.92
09/04/20, 30.28, 31.71, 31.71, 31.71
09/03/20, 25.90, 29.01, 29.01, 29.01
09/02/20, 26.48, 26.61, 26.61, 26.61
09/01/20, 26.11, 27.12, 27.12, 27.12
08/31/20, 24.19, 26.79, 24.00, 24.19
08/28/20, 24.25, 25.61, 23.55, 24.25
08/27/20, 23.50, 23.56, 23.56, 23.56
08/26/20, 22.99, 22.00, 22.00, 22.00
08/25/20, 22.55, 23.36, 23.36, 23.36
08/24/20, 23.25, 23.11, 23.11, 23.11
08/21/20, 23.28, 24.34, 24.34, 24.34
08/20/20, 24.11, 24.04, 24.04, 24.04
08/19/20, 23.03, 21.99, 21.99, 21.99
08/18/20, 22.97, 23.27, 23.27, 23.27
08/17/20, 24.73, 22.78, 22.78, 22.78
08/14/20, 23.67, 23.87, 23.87, 23.87
08/13/20, 22.64, 22.69, 22.69, 22.69
08/12/20, 24.28, 22.47, 22.47, 22.47
08/11/20, 23.33, 23.39, 23.39, 23.39
08/10/20, 24.66, 24.11, 24.11, 24.11
08/07/20, 24.90, 24.20, 24.20, 24.20
08/06/20, 23.40, 24.94, 24.94, 24.94
08/05/20, 24.03, 23.94, 23.94, 23.94
08/04/20, 25.41, 25.09, 25.09, 25.09
08/03/20, 27.14, 25.76, 25.76, 25.76
07/31/20, 26.70, 26.66, 26.66, 26.66
07/30/20, 25.18, 28.02, 28.02, 28.02
07/29/20, 24.72, 24.23, 24.23, 24.23
07/28/20, 24.38, 24.40, 24.40, 24.40
07/27/20, 25.97, 25.24, 25.24, 25.24
07/24/20, 27.06, 25.58, 25.58, 25.58
07/23/20, 23.44, 23.31, 23.31, 23.31
07/22/20, 23.50, 24.21, 24.21, 24.21
07/21/20, 23.40, 23.49, 23.49, 23.49
07/20/20, 26.07, 24.21, 24.21, 24.21
07/17/20, 26.19, 25.58, 25.58, 25.58
07/16/20, 27.06, 26.81, 26.81, 26.81
07/15/20, 27.48, 27.57, 27.57, 27.57
07/14/20, 29.55, 28.93, 28.93, 28.93
07/13/20, 28.13, 27.14, 27.14, 27.14
07/10/20, 31.25, 28.43, 28.43, 28.43
07/09/20, 28.74, 30.45, 30.45, 30.45
07/08/20, 28.96, 29.57, 29.57, 29.57
07/07/20, 29.01, 27.93, 27.93, 27.93
07/06/20, 27.71, 27.60, 27.60, 27.60
07/03/20, 27.47, 28.27, 28.27, 28.27
07/02/20, 28.85, 28.97, 27.25, 28.85
07/01/20, 31.95, 32.08, 29.77, 31.95
06/30/20, 34.03, 31.72, 31.72, 31.72
06/29/20, 35.57, 34.49, 34.49, 34.49
06/26/20, 33.69, 35.17, 35.17, 35.17
06/25/20, 39.15, 34.68, 34.68, 34.68
06/24/20, 32.07, 36.81, 36.81, 36.81
06/23/20, 32.33, 31.34, 31.34, 31.34
06/22/20, 35.31, 33.78, 33.78, 33.78
06/19/20, 33.85, 32.21, 32.21, 32.21
06/18/20, 34.78, 35.05, 35.05, 35.05
06/17/20, 35.04, 35.36, 35.36, 35.36
06/16/20, 35.47, 36.10, 36.10, 36.10
06/15/20, 44.14, 38.41, 38.41, 38.41
06/12/20, 38.24, 41.41, 41.41, 41.41
06/11/20, 33.42, 36.02, 36.02, 36.02
06/10/20, 28.92, 30.05, 30.05, 30.05
06/09/20, 28.46, 29.75, 29.75, 29.75
06/08/20, 28.64, 28.12, 28.12, 28.12
06/05/20, 26.94, 27.89, 27.89, 27.89
06/04/20, 29.44, 27.66, 27.66, 27.66
06/03/20, 29.94, 29.61, 29.61, 29.61
06/02/20, 29.68, 30.68, 30.68, 30.68
06/01/20, 30.37, 32.13, 30.05, 30.37
05/29/20, 30.58, 31.13, 31.13, 31.13
05/28/20, 28.87, 29.01, 29.01, 29.01
05/27/20, 27.92, 29.40, 29.40, 29.40
05/26/20, 28.40, 28.04, 28.04, 28.04
05/25/20, 31.25, 29.16, 29.16, 29.16
05/22/20, 34.13, 31.42, 31.42, 31.42
05/21/20, 30.35, 32.31, 32.31, 32.31
05/20/20, 30.80, 29.11, 29.11, 29.11
05/19/20, 28.91, 30.17, 30.17, 30.17
05/18/20, 31.81, 29.06, 29.06, 29.06
05/15/20, 32.76, 34.47, 34.47, 34.47
05/14/20, 35.13, 36.32, 36.32, 36.32
05/13/20, 31.19, 33.42, 33.42, 33.42
05/12/20, 29.51, 27.67, 27.67, 27.67
05/11/20, 29.08, 32.21, 28.74, 29.08
05/08/20, 31.37, 29.66, 29.66, 29.66
05/07/20, 33.78, 32.43, 32.43, 32.43
05/06/20, 34.79, 34.81, 34.81, 34.81
05/05/20, 35.36, 34.51, 34.51, 34.51
05/04/20, 39.70, 38.32, 38.32, 38.32
04/30/20, 30.65, 33.91, 33.91, 33.91
04/29/20, 32.25, 30.72, 30.72, 30.72
04/28/20, 34.32, 33.01, 33.01, 33.01
04/27/20, 37.93, 34.72, 34.72, 34.72
04/24/20, 42.66, 40.17, 40.17, 40.17
04/23/20, 42.91, 40.35, 40.35, 40.35
04/22/20, 46.64, 43.96, 43.96, 43.96
04/21/20, 44.17, 48.22, 48.22, 48.22
04/20/20, 41.80, 44.22, 40.83, 41.80
04/17/20, 41.08, 41.20, 41.20, 41.20
04/16/20, 43.21, 43.26, 43.26, 43.26
04/15/20, 40.79, 44.96, 44.96, 44.96
04/14/20, 42.60, 40.48, 40.48, 40.48
04/09/20, 43.29, 44.71, 44.71, 44.71
04/08/20, 47.58, 45.30, 45.30, 45.30
04/07/20, 41.24, 46.29, 46.29, 46.29
04/06/20, 43.65, 43.03, 43.03, 43.03
04/03/20, 48.18, 45.88, 45.88, 45.88
04/02/20, 49.24, 49.92, 49.92, 49.92
04/01/20, 53.89, 51.14, 51.14, 51.14
03/31/20, 52.17, 48.59, 48.59, 48.59
03/30/20, 62.12, 55.63, 55.63, 55.63
03/27/20, 56.16, 60.99, 60.99, 60.99
03/26/20, 60.21, 54.31, 54.31, 54.31
03/25/20, 51.57, 57.13, 57.13, 57.13
03/24/20, 57.04, 52.53, 52.53, 52.53
03/23/20, 75.92, 64.43, 64.43, 64.43
03/20/20, 65.20, 68.21, 68.21, 68.21
03/19/20, 84.64, 78.35, 78.35, 78.35
03/18/20, 84.98, 84.80, 84.80, 84.80
03/17/20, 79.57, 77.26, 77.26, 77.26
03/16/20, 81.50, 85.62, 85.62, 85.62
03/13/20, 68.65, 74.33, 74.33, 74.33
03/12/20, 60.57, 71.52, 71.52, 71.52
03/11/20, 51.45, 53.76, 53.76, 53.76
03/10/20, 51.56, 53.80, 53.80, 53.80
03/09/20, 57.88, 54.10, 54.10, 54.10
03/06/20, 37.88, 43.02, 43.02, 43.02
03/05/20, 29.82, 33.14, 33.14, 33.14
03/04/20, 32.67, 29.76, 29.76, 29.76
03/03/20, 32.04, 33.45, 33.45, 33.45
03/02/20, 34.69, 36.12, 36.12, 36.12
02/28/20, 43.73, 42.24, 42.24, 42.24
02/27/20, 27.62, 34.70, 34.70, 34.70
02/26/20, 27.51, 24.54, 24.54, 24.54
02/25/20, 21.34, 27.44, 27.44, 27.44
02/24/20, 21.71, 22.66, 22.66, 22.66
02/21/20, 15.42, 15.75, 15.75, 15.75
02/20/20, 12.92, 14.09, 14.09, 14.09
02/19/20, 13.25, 12.88, 12.88, 12.88
02/18/20, 13.52, 13.84, 13.84, 13.84
02/17/20, 13.22, 12.97, 12.97, 12.97
02/14/20, 13.12, 13.06, 13.06, 13.06
02/13/20, 13.04, 13.25, 13.25, 13.25
02/12/20, 12.88, 12.45, 12.45, 12.45
02/11/20, 13.17, 12.92, 12.92, 12.92
02/10/20, 13.97, 13.70, 13.70, 13.70
02/07/20, 13.13, 13.32, 13.32, 13.32
02/06/20, 13.31, 12.99, 12.99, 12.99
02/05/20, 14.64, 14.73, 13.38, 14.64
02/04/20, 15.27, 14.50, 14.50, 14.50
02/03/20, 17.06, 16.28, 16.28, 16.28
01/31/20, 15.31, 17.15, 17.15, 17.15
01/30/20, 16.45, 16.42, 16.42, 16.42
01/29/20, 14.80, 14.42, 14.42, 14.42
01/28/20, 15.93, 15.20, 15.20, 15.20
01/27/20, 15.68, 17.17, 17.17, 17.17
01/24/20, 12.12, 12.67, 12.67, 12.67
01/23/20, 12.64, 13.16, 13.16, 13.16
01/22/20, 11.65, 12.24, 12.24, 12.24
01/21/20, 12.66, 11.81, 11.81, 11.81
01/20/20, 11.26, 11.25, 11.25, 11.25
01/17/20, 10.84, 10.97, 10.50, 10.84
01/16/20, 11.39, 11.02, 11.02, 11.02
01/15/20, 12.76, 12.04, 12.04, 12.04
01/14/20, 13.02, 12.41, 12.41, 12.41
01/13/20, 12.73, 12.71, 12.71, 12.71
01/10/20, 12.70, 12.39, 12.39, 12.39
01/09/20, 12.99, 13.04, 13.04, 13.04
01/08/20, 15.28, 14.04, 14.04, 14.04
01/07/20, 14.30, 14.21, 14.21, 14.21
01/06/20, 15.45, 15.14, 15.14, 15.14
01/03/20, 14.36, 13.96, 13.96, 13.96
01/02/20, 13.37, 12.67, 12.67, 12.67
12/30/19, 12.92, 13.95, 13.95, 13.95
12/27/19, 11.95, 12.09, 12.09, 12.09
12/23/19, 11.74, 11.75, 11.22, 11.74
12/20/19, 12.08, 11.08, 11.08, 11.08
12/19/19, 11.83, 12.18, 12.18, 12.18
12/18/19, 12.02, 12.07, 11.39, 12.02
12/17/19, 11.97, 12.15, 12.15, 12.15
12/16/19, 12.14, 11.64, 11.64, 11.64
12/13/19, 12.34, 13.12, 13.12, 13.12
12/12/19, 14.94, 14.66, 14.66, 14.66
12/11/19, 14.94, 15.23, 15.23, 15.23
12/10/19, 15.64, 15.02, 15.02, 15.02
12/09/19, 14.56, 14.92, 14.92, 14.92
12/06/19, 14.99, 14.13, 14.13, 14.13
12/05/19, 14.87, 15.37, 15.37, 15.37
12/04/19, 16.59, 15.22, 15.22, 15.22
12/03/19, 15.27, 16.91, 16.91, 16.91
12/02/19, 13.36, 15.89, 15.89, 15.89
11/29/19, 13.29, 13.17, 13.17, 13.17
11/28/19, 12.58, 12.80, 12.80, 12.80
11/27/19, 12.16, 12.20, 12.20, 12.20
11/26/19, 12.38, 12.10, 12.10, 12.10
11/25/19, 12.83, 12.38, 12.38, 12.38
11/22/19, 12.78, 13.09, 13.09, 13.09
11/21/19, 13.61, 13.13, 13.13, 13.13
11/20/19, 13.31, 12.73, 12.73, 12.73
11/19/19, 11.80, 12.37, 12.37, 12.37
11/18/19, 11.75, 12.04, 12.04, 12.04
11/15/19, 12.22, 11.54, 11.54, 11.54
11/14/19, 12.57, 12.47, 12.47, 12.47
11/13/19, 12.81, 12.80, 12.80, 12.80
11/12/19, 12.90, 12.63, 12.63, 12.63
11/11/19, 13.30, 13.09, 13.09, 13.09
11/08/19, 13.10, 12.85, 12.85, 12.85
11/07/19, 12.76, 12.75, 12.75, 12.75
11/06/19, 12.95, 12.93, 12.93, 12.93
11/05/19, 12.87, 12.92, 12.92, 12.92
11/04/19, 12.87, 12.90, 12.90, 12.90
11/01/19, 13.52, 12.84, 12.84, 12.84
10/31/19, 13.18, 13.79, 13.79, 13.79
10/30/19, 13.81, 13.80, 13.80, 13.80
10/29/19, 13.55, 13.73, 13.73, 13.73
10/28/19, 13.13, 13.20, 13.20, 13.20
10/25/19, 13.19, 12.82, 12.82, 12.82
10/24/19, 13.33, 13.09, 13.09, 13.09
10/23/19, 14.55, 13.46, 13.46, 13.46
10/22/19, 14.49, 14.17, 14.17, 14.17
10/21/19, 15.48, 14.74, 14.74, 14.74
10/18/19, 15.50, 15.37, 15.37, 15.37
10/17/19, 14.86, 15.17, 14.03, 14.93
10/16/19, 14.65, 14.76, 14.76, 14.76
10/15/19, 15.18, 14.47, 14.47, 14.47
10/14/19, 16.03, 15.92, 15.92, 15.92
10/11/19, 16.96, 15.89, 15.89, 15.89
10/10/19, 18.46, 17.42, 17.42, 17.42
10/09/19, 19.61, 18.39, 18.39, 18.39
10/08/19, 17.85, 19.23, 19.23, 19.23
10/07/19, 19.06, 17.86, 17.86, 17.86
10/04/19, 19.68, 18.52, 18.52, 18.52
10/03/19, 20.37, 20.50, 20.50, 20.50
10/02/19, 18.84, 21.01, 21.01, 21.01
10/01/19, 15.43, 17.26, 17.26, 17.26
09/30/19, 16.76, 15.83, 15.83, 15.83
09/27/19, 15.82, 15.88, 15.88, 15.88
09/26/19, 16.79, 16.59, 16.59, 16.59
09/25/19, 17.25, 17.23, 17.23, 17.23
09/24/19, 15.31, 15.97, 15.97, 15.97
09/23/19, 15.07, 15.58, 15.58, 15.58
09/20/19, 14.42, 13.97, 13.97, 13.97
09/19/19, 14.76, 14.50, 14.50, 14.50
09/18/19, 15.44, 15.21, 15.21, 15.21
09/17/19, 15.56, 15.55, 15.55, 15.55
09/16/19, 14.83, 15.25, 15.25, 15.25
09/13/19, 14.26, 13.74, 13.74, 13.74
09/12/19, 15.26, 14.41, 14.41, 14.41
09/11/19, 15.06, 15.44, 15.44, 15.44
09/10/19, 15.13, 15.26, 15.26, 15.26
09/09/19, 14.65, 14.94, 14.94, 14.94
09/06/19, 15.14, 14.63, 14.63, 14.63
09/05/19, 15.94, 15.51, 15.51, 15.51
09/04/19, 17.06, 16.58, 16.58, 16.58
09/03/19, 19.21, 18.24, 18.24, 18.24
09/02/19, 17.77, 17.54, 17.54, 17.54
08/30/19, 17.46, 17.67, 17.67, 17.67
08/28/19, 19.94, 19.33, 19.33, 19.33
08/27/19, 20.54, 19.44, 19.44, 19.44
08/26/19, 21.26, 20.25, 20.25, 20.25
08/23/19, 17.42, 20.15, 20.15, 20.15
08/22/19, 17.12, 18.23, 18.23, 18.23
08/21/19, 17.63, 16.77, 16.77, 16.77
08/20/19, 17.67, 18.43, 18.43, 18.43
08/19/19, 19.06, 18.26, 18.26, 18.26
08/16/19, 21.78, 20.38, 20.38, 20.38
08/15/19, 22.28, 22.54, 22.54, 22.54
08/14/19, 18.32, 22.06, 22.06, 22.06
08/13/19, 20.07, 18.62, 18.62, 18.62
08/12/19, 18.05, 19.25, 19.25, 19.25
08/09/19, 17.95, 18.95, 18.95, 18.95
08/08/19, 19.24, 18.00, 18.00, 18.00
08/07/19, 20.04, 21.04, 21.04, 21.04
08/06/19, 20.81, 21.38, 21.38, 21.38
08/05/19, 19.44, 21.06, 21.06, 21.06
08/02/19, 16.32, 18.35, 18.35, 18.35
08/01/19, 14.27, 13.73, 13.73, 13.73
07/31/19, 14.56, 14.39, 14.39, 14.39
07/30/19, 12.78, 14.47, 14.47, 14.47
07/29/19, 13.18, 12.64, 12.64, 12.64
07/26/19, 13.21, 12.67, 12.67, 12.67
07/25/19, 12.86, 13.27, 13.27, 13.27
07/24/19, 12.83, 13.12, 13.12, 13.12
07/23/19, 12.97, 12.71, 12.71, 12.71
07/22/19, 14.22, 13.55, 13.55, 13.55
07/19/19, 12.98, 13.70, 13.70, 13.70
07/18/19, 13.59, 13.33, 13.33, 13.33
07/17/19, 12.15, 12.60, 12.60, 12.60
07/16/19, 12.60, 12.16, 12.16, 12.16
07/15/19, 12.36, 12.61, 12.61, 12.61
07/12/19, 12.52, 12.39, 12.39, 12.39
07/11/19, 12.60, 12.47, 12.47, 12.47
07/10/19, 12.96, 12.82, 12.82, 12.82
07/09/19, 13.04, 12.75, 12.75, 12.75
07/08/19, 12.82, 12.62, 12.62, 12.62
07/05/19, 11.82, 12.42, 12.42, 12.42
07/04/19, 11.56, 11.92, 11.56, 11.56
07/03/19, 11.72, 11.76, 11.43, 11.72
07/02/19, 12.30, 12.36, 11.78, 12.30
07/01/19, 12.92, 12.92, 12.26, 12.92
06/28/19, 13.95, 13.73, 13.73, 13.73
06/27/19, 13.84, 14.67, 13.72, 13.84
06/26/19, 14.26, 14.30, 13.63, 14.26
06/25/19, 14.18, 14.23, 13.75, 14.18
06/24/19, 13.61, 14.17, 13.58, 13.61
06/21/19, 13.45, 13.39, 13.39, 13.39
06/20/19, 12.84, 13.38, 12.48, 12.84
06/19/19, 13.40, 13.76, 13.28, 13.40
06/18/19, 14.51, 14.62, 13.05, 14.51
06/17/19, 14.68, 14.71, 14.02, 14.68
06/14/19, 14.76, 15.22, 14.26, 14.76
06/13/19, 15.08, 15.19, 14.29, 15.08
06/12/19, 15.25, 15.44, 14.87, 15.25
06/11/19, 14.67, 14.85, 14.38, 14.67
06/10/19, 15.22, 15.23, 14.77, 15.22
06/07/19, 15.02, 15.29, 14.60, 15.02
06/06/19, 15.86, 16.15, 15.36, 15.86
06/05/19, 16.30, 16.58, 15.79, 16.30
06/04/19, 17.57, 17.58, 16.39, 17.57
06/03/19, 18.66, 19.03, 17.19, 18.66
05/31/19, 18.35, 18.95, 17.36, 18.35
05/30/19, 17.01, 17.10, 16.40, 17.01
05/29/19, 17.87, 18.16, 17.27, 17.87
05/28/19, 16.32, 17.06, 15.87, 16.32
05/27/19, 16.39, 16.81, 16.08, 16.39
05/24/19, 16.98, 17.11, 16.18, 16.98
05/23/19, 16.82, 17.96, 16.61, 16.82
05/22/19, 15.59, 16.91, 14.82, 15.59
05/21/19, 16.60, 16.92, 15.64, 16.60
05/20/19, 15.74, 17.65, 15.26, 15.74
05/17/19, 15.41, 16.27, 14.88, 15.41
05/16/19, 16.47, 16.72, 15.06, 16.47
05/15/19, 17.22, 18.24, 16.68, 17.22
05/14/19, 18.28, 18.54, 17.56, 18.28
05/13/19, 18.47, 19.93, 18.13, 18.47
05/10/19, 18.10, 19.63, 17.94, 18.10
05/09/19, 18.86, 20.68, 18.86, 18.86
05/08/19, 17.26, 18.96, 17.19, 17.26
05/07/19, 15.49, 18.35, 15.01, 15.49
05/06/19, 16.75, 17.46, 15.71, 16.75
05/03/19, 13.83, 13.86, 13.33, 13.83
05/02/19, 13.77, 14.34, 13.29, 13.77
04/30/19, 13.26, 13.26, 13.26, 13.26
04/29/19, 13.03, 13.03, 13.03, 13.03
04/26/19, 12.60, 12.60, 12.60, 12.60
04/25/19, 12.96, 12.96, 12.96, 12.96
04/24/19, 12.54, 12.54, 12.54, 12.54
04/23/19, 12.20, 12.20, 12.20, 12.20
04/22/19, 11.01, 11.01, 11.01, 11.01
04/19/19, 11.01, 11.01, 11.01, 11.01
04/18/19, 11.01, 11.01, 11.01, 11.01
04/17/19, 11.27, 11.27, 11.27, 11.27
04/16/19, 11.30, 11.30, 11.30, 11.30
04/15/19, 11.49, 11.49, 11.49, 11.49
04/12/19, 11.88, 11.88, 11.88, 11.88
04/11/19, 12.60, 12.60, 12.60, 12.60
04/10/19, 14.28, 14.28, 14.28, 14.28
04/09/19, 14.52, 14.52, 14.52, 14.52
04/08/19, 14.60, 14.60, 14.60, 14.60
04/05/19, 13.55, 13.55, 13.55, 13.55
04/04/19, 14.25, 14.25, 14.25, 14.25
04/03/19, 14.19, 14.19, 14.19, 14.19
04/02/19, 14.78, 14.78, 14.78, 14.78
04/01/19, 14.79, 14.79, 14.79, 14.79
03/29/19, 15.27, 15.27, 15.27, 15.27
03/28/19, 16.67, 16.67, 16.67, 16.67
03/27/19, 16.33, 16.33, 16.33, 16.33
03/26/19, 15.85, 15.85, 15.85, 15.85
03/25/19, 17.34, 17.34, 17.34, 17.34
03/22/19, 17.68, 17.68, 17.68, 17.68
03/21/19, 15.69, 15.69, 15.69, 15.69
03/20/19, 14.48, 14.48, 14.48, 14.48
03/19/19, 13.00, 13.00, 13.00, 13.00
03/18/19, 13.21, 13.21, 13.21, 13.21
03/15/19, 12.92, 12.92, 12.92, 12.92
03/14/19, 13.65, 13.65, 13.65, 13.65
03/13/19, 13.95, 13.95, 13.95, 13.95
03/12/19, 13.84, 13.84, 13.84, 13.84
03/11/19, 14.15, 14.15, 14.15, 14.15
03/08/19, 14.41, 14.41, 14.41, 14.41
03/07/19, 13.87, 13.87, 13.87, 13.87
03/06/19, 13.44, 13.44, 13.44, 13.44
03/05/19, 13.51, 13.51, 13.51, 13.51
03/04/19, 13.65, 13.65, 13.65, 13.65
03/01/19, 13.37, 13.37, 13.37, 13.37
02/28/19, 13.59, 13.59, 13.59, 13.59
02/27/19, 14.35, 14.35, 14.35, 14.35
02/26/19, 13.89, 13.89, 13.89, 13.89
02/25/19, 13.85, 13.85, 13.85, 13.85
02/22/19, 13.98, 13.98, 13.98, 13.98
02/21/19, 14.34, 14.34, 14.34, 14.34
02/20/19, 14.27, 14.27, 14.27, 14.27
02/19/19, 14.61, 14.61, 14.61, 14.61
02/18/19, 14.54, 14.54, 14.54, 14.54
02/15/19, 14.29, 14.29, 14.29, 14.29
02/14/19, 15.76, 15.76, 15.76, 15.76
02/13/19, 13.97, 13.97, 13.97, 13.97
02/12/19, 14.28, 14.28, 14.28, 14.28
02/11/19, 15.22, 15.22, 15.22, 15.22
02/08/19, 16.31, 16.31, 16.31, 16.31
02/07/19, 16.17, 16.17, 16.17, 16.17
02/06/19, 13.62, 13.62, 13.62, 13.62
02/05/19, 13.58, 13.58, 13.58, 13.58
02/04/19, 14.21, 14.21, 14.21, 14.21
02/01/19, 13.99, 13.99, 13.99, 13.99
01/31/19, 15.11, 15.11, 15.11, 15.11
01/30/19, 16.02, 16.02, 16.02, 16.02
01/29/19, 16.05, 16.05, 16.05, 16.05
01/28/19, 16.16, 16.16, 16.16, 16.16
01/25/19, 14.78, 14.78, 14.78, 14.78
01/24/19, 15.56, 15.56, 15.56, 15.56
01/23/19, 16.48, 16.48, 16.48, 16.48
01/22/19, 16.00, 16.00, 16.00, 16.00
01/21/19, 15.38, 15.38, 15.38, 15.38
01/18/19, 14.28, 14.28, 14.28, 14.28
01/17/19, 15.41, 15.41, 15.41, 15.41
01/16/19, 15.72, 15.72, 15.72, 15.72
01/15/19, 16.93, 16.93, 16.93, 16.93
01/14/19, 17.90, 17.90, 17.90, 17.90
01/11/19, 17.42, 17.42, 17.42, 17.42
01/10/19, 18.69, 18.69, 18.69, 18.69
01/09/19, 19.00, 19.00, 19.00, 19.00
01/08/19, 19.48, 19.48, 19.48, 19.48
01/07/19, 20.15, 20.15, 20.15, 20.15
01/04/19, 20.48, 20.48, 20.48, 20.48
01/03/19, 23.00, 23.00, 23.00, 23.00
01/02/19, 23.39, 23.39, 23.39, 23.39
12/28/18, 23.86, 23.86, 23.86, 23.86
12/27/18, 25.69, 25.69, 25.69, 25.69
12/21/18, 20.40, 20.40, 20.40, 20.40
12/20/18, 20.73, 20.73, 20.73, 20.73
12/19/18, 19.60, 19.60, 19.60, 19.60
12/18/18, 20.04, 20.04, 20.04, 20.04
12/17/18, 19.82, 19.82, 19.82, 19.82
12/14/18, 19.16, 19.16, 19.16, 19.16
12/13/18, 19.18, 19.18, 19.18, 19.18
12/12/18, 19.73, 19.73, 19.73, 19.73
12/11/18, 21.09, 21.09, 21.09, 21.09
12/10/18, 23.66, 23.66, 23.66, 23.66
12/07/18, 21.67, 21.67, 21.67, 21.67
12/06/18, 24.62, 24.62, 24.62, 24.62
12/05/18, 19.09, 19.09, 19.09, 19.09
12/04/18, 17.21, 17.21, 17.21, 17.21
12/03/18, 16.92, 16.92, 16.92, 16.92
11/30/18, 18.49, 18.49, 18.49, 18.49
11/29/18, 18.61, 18.61, 18.61, 18.61
11/28/18, 18.60, 18.60, 18.60, 18.60
11/27/18, 18.48, 18.48, 18.48, 18.48
11/26/18, 18.42, 18.42, 18.42, 18.42
11/23/18, 18.97, 18.97, 18.97, 18.97
11/22/18, 19.29, 19.29, 19.29, 19.29
11/21/18, 18.24, 18.24, 18.24, 18.24
11/20/18, 19.96, 19.96, 19.96, 19.96
11/19/18, 18.03, 18.03, 18.03, 18.03
11/16/18, 18.08, 18.08, 18.08, 18.08
11/15/18, 20.15, 20.15, 20.15, 20.15
11/14/18, 18.45, 18.45, 18.45, 18.45
11/13/18, 17.03, 17.03, 17.03, 17.03
11/12/18, 17.86, 17.86, 17.86, 17.86
11/09/18, 16.38, 16.38, 16.38, 16.38
11/08/18, 15.88, 15.88, 15.88, 15.88
11/07/18, 16.43, 16.43, 16.43, 16.43
11/06/18, 18.11, 18.11, 18.11, 18.11
11/05/18, 18.33, 18.33, 18.33, 18.33
11/02/18, 18.85, 18.85, 18.85, 18.85
11/01/18, 19.00, 19.00, 19.00, 19.00
10/31/18, 20.30, 20.30, 20.30, 20.30
10/30/18, 22.22, 22.22, 22.22, 22.22
10/29/18, 22.29, 22.29, 22.29, 22.29
10/26/18, 23.74, 23.74, 23.74, 23.74
10/25/18, 20.76, 20.76, 20.76, 20.76
10/24/18, 21.98, 21.98, 21.98, 21.98
10/23/18, 21.36, 21.36, 21.36, 21.36
10/22/18, 19.36, 19.36, 19.36, 19.36
10/19/18, 18.78, 18.78, 18.78, 18.78
10/18/18, 18.17, 18.17, 18.17, 18.17
10/17/18, 17.02, 17.02, 17.02, 17.02
10/16/18, 16.83, 16.83, 16.83, 16.83
10/15/18, 19.07, 19.07, 19.07, 19.07
10/12/18, 20.21, 20.21, 20.21, 20.21
10/11/18, 21.24, 21.24, 21.24, 21.24
10/10/18, 18.40, 18.40, 18.40, 18.40
10/09/18, 16.90, 16.90, 16.90, 16.90
10/08/18, 17.63, 17.63, 17.63, 17.63
10/05/18, 16.68, 16.68, 16.68, 16.68
10/04/18, 16.02, 16.02, 16.02, 16.02
10/03/18, 14.61, 14.61, 14.61, 14.61
10/02/18, 15.48, 15.48, 15.48, 15.48
10/01/18, 14.23, 14.23, 14.23, 14.23
09/28/18, 14.76, 14.76, 14.76, 14.76
09/27/18, 13.17, 13.17, 13.17, 13.17
09/26/18, 12.85, 12.85, 12.85, 12.85
09/25/18, 13.16, 13.16, 13.16, 13.16
09/24/18, 13.73, 13.73, 13.73, 13.73
09/21/18, 12.82, 12.82, 12.82, 12.82
09/20/18, 13.18, 13.18, 13.18, 13.18
09/19/18, 13.53, 13.53, 13.53, 13.53
09/18/18, 14.36, 14.36, 14.36, 14.36
09/17/18, 14.57, 14.57, 14.57, 14.57
09/14/18, 13.90, 13.90, 13.90, 13.90
09/13/18, 14.59, 14.59, 14.59, 14.59
09/12/18, 15.32, 15.32, 15.32, 15.32
09/11/18, 15.79, 15.79, 15.79, 15.79
09/10/18, 15.89, 15.89, 15.89, 15.89
09/07/18, 16.45, 16.45, 16.45, 16.45
09/06/18, 17.10, 17.10, 17.10, 17.10
09/05/18, 17.29, 17.29, 17.29, 17.29
09/04/18, 16.39, 16.39, 16.39, 16.39
09/03/18, 15.49, 15.49, 15.49, 15.49
08/31/18, 15.63, 15.63, 15.63, 15.63
08/30/18, 14.15, 14.15, 14.15, 14.15
08/29/18, 12.99, 12.99, 12.99, 12.99
08/28/18, 13.16, 13.16, 13.16, 13.16
08/27/18, 13.11, 13.11, 13.11, 13.11
08/24/18, 13.19, 13.19, 13.19, 13.19
08/23/18, 13.64, 13.64, 13.64, 13.64
08/22/18, 13.85, 13.85, 13.85, 13.85
08/21/18, 13.87, 13.87, 13.87, 13.87
08/20/18, 14.50, 14.50, 14.50, 14.50
08/17/18, 16.10, 16.10, 16.10, 16.10
08/16/18, 16.26, 16.26, 16.26, 16.26
08/15/18, 18.48, 18.48, 18.48, 18.48
08/14/18, 15.86, 15.86, 15.86, 15.86
08/13/18, 15.94, 15.94, 15.94, 15.94
08/10/18, 15.11, 15.11, 15.11, 15.11
08/09/18, 12.49, 12.49, 12.49, 12.49
08/08/18, 12.87, 12.87, 12.87, 12.87
08/07/18, 12.63, 12.63, 12.63, 12.63
08/06/18, 13.47, 13.47, 13.47, 13.47
08/03/18, 13.40, 13.40, 13.40, 13.40
08/02/18, 14.51, 14.51, 14.51, 14.51
08/01/18, 13.03, 13.03, 13.03, 13.03
07/31/18, 12.56, 12.56, 12.56, 12.56
07/30/18, 12.71, 12.71, 12.71, 12.71
07/27/18, 11.66, 11.66, 11.66, 11.66
07/26/18, 12.14, 12.14, 12.14, 12.14
07/25/18, 13.50, 13.50, 13.50, 13.50
07/24/18, 12.73, 12.73, 12.73, 12.73
07/23/18, 14.19, 14.19, 14.19, 14.19
07/20/18, 13.77, 13.77, 13.77, 13.77
07/19/18, 12.85, 12.85, 12.85, 12.85
07/18/18, 11.96, 11.96, 11.96, 11.96
07/17/18, 12.56, 12.56, 12.56, 12.56
07/16/18, 13.03, 13.03, 13.03, 13.03
07/13/18, 12.80, 12.80, 12.80, 12.80
07/12/18, 13.46, 13.46, 13.46, 13.46
07/11/18, 14.60, 14.60, 14.60, 14.60
07/10/18, 12.99, 12.99, 12.99, 12.99
07/09/18, 14.07, 14.07, 14.07, 14.07
07/06/18, 14.74, 14.74, 14.74, 14.74
07/05/18, 15.73, 15.73, 15.73, 15.73
07/04/18, 16.22, 16.22, 16.22, 16.22
07/03/18, 16.39, 16.39, 16.39, 16.39
07/02/18, 18.00, 18.00, 18.00, 18.00
06/29/18, 16.63, 16.63, 16.63, 16.63
06/28/18, 18.42, 18.42, 18.42, 18.42
06/27/18, 17.18, 17.18, 17.18, 17.18
06/26/18, 17.24, 17.24, 17.24, 17.24
06/25/18, 17.87, 17.87, 17.87, 17.87
06/22/18, 14.21, 14.21, 14.21, 14.21
06/21/18, 16.09, 16.09, 16.09, 16.09
06/20/18, 13.98, 13.98, 13.98, 13.98
06/19/18, 14.87, 14.87, 14.87, 14.87
06/18/18, 13.76, 13.76, 13.76, 13.76
06/15/18, 12.13, 12.13, 12.13, 12.13
06/14/18, 11.44, 11.44, 11.44, 11.44
06/13/18, 13.20, 13.20, 13.20, 13.20
06/12/18, 13.69, 13.69, 13.69, 13.69
06/11/18, 13.99, 13.99, 13.99, 13.99
06/08/18, 14.96, 14.96, 14.96, 14.96
06/07/18, 14.42, 14.42, 14.42, 14.42
06/06/18, 14.80, 14.80, 14.80, 14.80
06/05/18, 14.80, 14.80, 14.80, 14.80
06/04/18, 14.36, 14.36, 14.36, 14.36
06/01/18, 15.62, 15.62, 15.62, 15.62
05/31/18, 17.65, 17.65, 17.65, 17.65
05/30/18, 18.34, 18.34, 18.34, 18.34
05/29/18, 20.15, 20.15, 20.15, 20.15
05/28/18, 17.78, 17.78, 17.78, 17.78
05/25/18, 16.02, 16.02, 16.02, 16.02
05/24/18, 15.69, 15.69, 15.69, 15.69
05/23/18, 15.06, 15.06, 15.06, 15.06
05/22/18, 12.98, 12.98, 12.98, 12.98
05/21/18, 13.78, 13.78, 13.78, 13.78
05/18/18, 13.97, 13.97, 13.97, 13.97
05/17/18, 13.08, 13.08, 13.08, 13.08
05/16/18, 13.57, 13.57, 13.57, 13.57
05/15/18, 12.68, 12.68, 12.68, 12.68
05/14/18, 12.64, 12.64, 12.64, 12.64
05/11/18, 12.44, 12.44, 12.44, 12.44
05/10/18, 12.82, 12.82, 12.82, 12.82
05/09/18, 13.35, 13.35, 13.35, 13.35
05/08/18, 13.72, 13.72, 13.72, 13.72
05/07/18, 13.32, 13.32, 13.32, 13.32
05/04/18, 13.42, 13.42, 13.42, 13.42
05/03/18, 14.46, 14.46, 14.46, 14.46
05/02/18, 13.53, 13.53, 13.53, 13.53
04/30/18, 13.72, 13.72, 13.72, 13.72
04/27/18, 13.13, 13.13, 13.13, 13.13
04/26/18, 13.68, 13.68, 13.68, 13.68
04/25/18, 14.66, 14.66, 14.66, 14.66
04/24/18, 13.41, 13.41, 13.41, 13.41
04/23/18, 13.33, 13.33, 13.33, 13.33
04/20/18, 13.76, 13.76, 13.76, 13.76
04/19/18, 13.74, 13.74, 13.74, 13.74
04/18/18, 13.04, 13.04, 13.04, 13.04
04/17/18, 13.29, 13.29, 13.29, 13.29
04/16/18, 14.50, 14.50, 14.50, 14.50
04/13/18, 15.30, 15.30, 15.30, 15.30
04/12/18, 15.81, 15.81, 15.81, 15.81
04/11/18, 16.98, 16.98, 16.98, 16.98
04/10/18, 16.32, 16.32, 16.32, 16.32
04/09/18, 17.35, 17.35, 17.35, 17.35
04/06/18, 17.44, 17.44, 17.44, 17.44
04/05/18, 16.90, 16.90, 16.90, 16.90
04/04/18, 19.58, 19.58, 19.58, 19.58
04/03/18, 18.81, 18.81, 18.81, 18.81
04/02/18, 17.44, 17.44, 17.44, 17.44
03/30/18, 17.44, 17.44, 17.44, 17.44
03/29/18, 17.44, 17.44, 17.44, 17.44
03/28/18, 19.69, 19.69, 19.69, 19.69
03/27/18, 18.98, 18.98, 18.98, 18.98
03/26/18, 22.05, 22.05, 22.05, 22.05
03/23/18, 21.08, 21.08, 21.08, 21.08
03/22/18, 18.55, 18.55, 18.55, 18.55
03/21/18, 14.85, 14.85, 14.85, 14.85
03/20/18, 15.38, 15.38, 15.38, 15.38
03/19/18, 16.50, 16.50, 16.50, 16.50
03/16/18, 13.39, 13.39, 13.39, 13.39
03/15/18, 15.22, 15.22, 15.22, 15.22
03/14/18, 16.91, 16.91, 16.91, 16.91
03/13/18, 16.62, 16.62, 16.62, 16.62
03/12/18, 15.40, 15.40, 15.40, 15.40
03/09/18, 15.41, 15.41, 15.41, 15.41
03/08/18, 16.61, 16.61, 16.61, 16.61
03/07/18, 18.15, 18.15, 18.15, 18.15
03/06/18, 18.69, 18.69, 18.69, 18.69
03/05/18, 18.89, 18.89, 18.89, 18.89
03/02/18, 23.39, 23.39, 23.39, 23.39
03/01/18, 20.57, 20.57, 20.57, 20.57
02/28/18, 18.00, 18.00, 18.00, 18.00
02/27/18, 17.59, 17.59, 17.59, 17.59
02/26/18, 16.77, 16.77, 16.77, 16.77
02/23/18, 18.18, 18.18, 18.18, 18.18
02/22/18, 18.69, 18.69, 18.69, 18.69
02/21/18, 18.65, 18.65, 18.65, 18.65
02/20/18, 18.64, 18.64, 18.64, 18.64
02/19/18, 19.13, 19.13, 19.13, 19.13
02/16/18, 17.76, 17.76, 17.76, 17.76
02/15/18, 20.52, 20.52, 20.52, 20.52
02/14/18, 20.71, 20.71, 20.71, 20.71
02/13/18, 25.95, 25.95, 25.95, 25.95
02/12/18, 28.16, 28.16, 28.16, 28.16
02/09/18, 34.74, 34.74, 34.74, 34.74
02/08/18, 32.04, 32.04, 32.04, 32.04
02/07/18, 21.37, 21.37, 21.37, 21.37
02/06/18, 30.18, 30.18, 30.18, 30.18
02/05/18, 18.86, 18.86, 18.86, 18.86
02/02/18, 17.56, 17.56, 17.56, 17.56
02/01/18, 16.14, 16.14, 16.14, 16.14
01/31/18, 15.16, 15.16, 15.16, 15.16
01/30/18, 14.81, 14.81, 14.81, 14.81
01/29/18, 13.29, 13.29, 13.29, 13.29
01/26/18, 12.48, 12.48, 12.48, 12.48
01/25/18, 12.69, 12.69, 12.69, 12.69
01/24/18, 12.39, 12.39, 12.39, 12.39
01/23/18, 11.95, 11.95, 11.95, 11.95
01/22/18, 11.97, 11.97, 11.97, 11.97
01/19/18, 11.85, 11.85, 11.85, 11.85
01/18/18, 11.99, 11.99, 11.99, 11.99
01/17/18, 11.95, 11.95, 11.95, 11.95
01/16/18, 11.35, 11.35, 11.35, 11.35
01/15/18, 11.07, 11.07, 11.07, 11.07
01/12/18, 10.90, 10.90, 10.90, 10.90
01/11/18, 11.36, 11.36, 11.36, 11.36
01/10/18, 11.76, 11.76, 11.76, 11.76
01/09/18, 11.26, 11.26, 11.26, 11.26
01/08/18, 11.50, 11.50, 11.50, 11.50
01/05/18, 11.12, 11.12, 11.12, 11.12
01/04/18, 11.41, 11.41, 11.41, 11.41
01/03/18, 12.14, 12.14, 12.14, 12.14
01/02/18, 13.37, 13.37, 13.37, 13.37
01/01/18, 13.51, 13.51, 13.51, 13.51
12/29/17, 13.51, 13.51, 13.51, 13.51
12/28/17, 13.62, 13.62, 13.62, 13.62
12/27/17, 12.71, 12.71, 12.71, 12.71
12/26/17, 12.01, 12.01, 12.01, 12.01
12/25/17, 12.01, 12.01, 12.01, 12.01
12/22/17, 12.01, 12.01, 12.01, 12.01
12/21/17, 11.74, 11.74, 11.74, 11.74
12/20/17, 12.51, 12.51, 12.51, 12.51
12/19/17, 11.20, 11.20, 11.20, 11.20
12/18/17, 10.68, 10.68, 10.68, 10.68
12/15/17, 11.79, 11.79, 11.79, 11.79
12/14/17, 12.26, 12.26, 12.26, 12.26
12/13/17, 12.73, 12.73, 12.73, 12.73
12/12/17, 12.47, 12.47, 12.47, 12.47
12/11/17, 12.92, 12.92, 12.92, 12.92
12/08/17, 12.85, 12.85, 12.85, 12.85
12/07/17, 13.45, 13.45, 13.45, 13.45
12/06/17, 13.91, 13.91, 13.91, 13.91
12/05/17, 13.16, 13.16, 13.16, 13.16
12/04/17, 13.72, 13.72, 13.72, 13.72
12/01/17, 16.01, 16.01, 16.01, 16.01
11/30/17, 13.47, 13.47, 13.47, 13.47
11/29/17, 13.54, 13.54, 13.54, 13.54
11/28/17, 12.88, 12.88, 12.88, 12.88
11/27/17, 13.55, 13.55, 13.55, 13.55
11/24/17, 12.86, 12.86, 12.86, 12.86
11/23/17, 12.73, 12.73, 12.73, 12.73
11/22/17, 12.87, 12.87, 12.87, 12.87
11/21/17, 12.94, 12.94, 12.94, 12.94
11/20/17, 13.70, 13.70, 13.70, 13.70
11/17/17, 14.74, 14.74, 14.74, 14.74
11/16/17, 15.03, 15.03, 15.03, 15.03
11/15/17, 15.58, 15.58, 15.58, 15.58
11/14/17, 15.23, 15.23, 15.23, 15.23
11/13/17, 14.38, 14.38, 14.38, 14.38
11/10/17, 14.45, 14.45, 14.45, 14.45
11/09/17, 13.92, 13.92, 13.92, 13.92
11/08/17, 12.41, 12.41, 12.41, 12.41
11/07/17, 12.13, 12.13, 12.13, 12.13
11/06/17, 11.69, 11.69, 11.69, 11.69
11/03/17, 11.56, 11.56, 11.56, 11.56
11/02/17, 12.02, 12.02, 12.02, 12.02
11/01/17, 11.79, 11.79, 11.79, 11.79
10/31/17, 11.99, 11.99, 11.99, 11.99
10/30/17, 12.83, 12.83, 12.83, 12.83
10/27/17, 12.50, 12.50, 12.50, 12.50
10/26/17, 12.92, 12.92, 12.92, 12.92
10/25/17, 14.53, 14.53, 14.53, 14.53
10/24/17, 12.94, 12.94, 12.94, 12.94
10/23/17, 12.59, 12.59, 12.59, 12.59
10/20/17, 12.22, 12.22, 12.22, 12.22
10/19/17, 12.44, 12.44, 12.44, 12.44
10/18/17, 11.05, 11.05, 11.05, 11.05
10/17/17, 11.63, 11.63, 11.63, 11.63
10/16/17, 11.90, 11.90, 11.90, 11.90
10/13/17, 11.85, 11.85, 11.85, 11.85
10/12/17, 12.32, 12.32, 12.32, 12.32
10/11/17, 12.67, 12.67, 12.67, 12.67
10/10/17, 13.39, 13.39, 13.39, 13.39
10/09/17, 12.61, 12.61, 12.61, 12.61
10/06/17, 12.51, 12.51, 12.51, 12.51
10/05/17, 12.09, 12.09, 12.09, 12.09
10/04/17, 12.78, 12.78, 12.78, 12.78
10/03/17, 11.84, 11.84, 11.84, 11.84
10/02/17, 12.17, 12.17, 12.17, 12.17
09/29/17, 12.12, 12.12, 12.12, 12.12
09/28/17, 12.13, 12.13, 12.13, 12.13
09/27/17, 12.13, 12.13, 12.13, 12.13
09/26/17, 12.54, 12.54, 12.54, 12.54
09/25/17, 12.37, 12.37, 12.37, 12.37
09/22/17, 11.71, 11.71, 11.71, 11.71
09/21/17, 11.19, 11.19, 11.19, 11.19
09/20/17, 11.79, 11.79, 11.79, 11.79
09/19/17, 11.72, 11.72, 11.72, 11.72
09/18/17, 11.94, 11.94, 11.94, 11.94
09/15/17, 12.20, 12.20, 12.20, 12.20
09/14/17, 12.27, 12.27, 12.27, 12.27
09/13/17, 13.04, 13.04, 13.04, 13.04
09/12/17, 13.45, 13.45, 13.45, 13.45
09/11/17, 13.96, 13.96, 13.96, 13.96
09/08/17, 15.20, 15.20, 15.20, 15.20
09/07/17, 15.15, 15.15, 15.15, 15.15
09/06/17, 16.38, 16.38, 16.38, 16.38
09/05/17, 16.48, 16.48, 16.48, 16.48
09/04/17, 16.21, 16.21, 16.21, 16.21
09/01/17, 14.72, 14.72, 14.72, 14.72
08/31/17, 15.63, 15.63, 15.63, 15.63
08/30/17, 16.47, 16.47, 16.47, 16.47
08/29/17, 17.32, 17.32, 17.32, 17.32
08/28/17, 15.85, 15.85, 15.85, 15.85
08/25/17, 15.33, 15.33, 15.33, 15.33
08/24/17, 15.67, 15.67, 15.67, 15.67
08/23/17, 16.23, 16.23, 16.23, 16.23
08/22/17, 16.41, 16.41, 16.41, 16.41
08/21/17, 18.56, 18.56, 18.56, 18.56
08/18/17, 17.57, 17.57, 17.57, 17.57
08/17/17, 15.39, 15.39, 15.39, 15.39
08/16/17, 14.25, 14.25, 14.25, 14.25
08/15/17, 14.88, 14.88, 14.88, 14.88
08/14/17, 15.67, 15.67, 15.67, 15.67
08/11/17, 19.31, 19.31, 19.31, 19.31
08/10/17, 18.91, 18.91, 18.91, 18.91
08/09/17, 15.02, 15.02, 15.02, 15.02
08/08/17, 12.79, 12.79, 12.79, 12.79
08/07/17, 13.20, 13.20, 13.20, 13.20
08/04/17, 13.07, 13.07, 13.07, 13.07
08/03/17, 13.73, 13.73, 13.73, 13.73
08/02/17, 13.75, 13.75, 13.75, 13.75
08/01/17, 13.47, 13.47, 13.47, 13.47
07/31/17, 13.90, 13.90, 13.90, 13.90
07/28/17, 13.73, 13.73, 13.73, 13.73
07/27/17, 12.77, 12.77, 12.77, 12.77
07/26/17, 13.00, 13.00, 13.00, 13.00
07/25/17, 13.64, 13.64, 13.64, 13.64
07/24/17, 15.08, 15.08, 15.08, 15.08
07/21/17, 15.33, 15.33, 15.33, 15.33
07/20/17, 13.09, 13.09, 13.09, 13.09
07/19/17, 13.27, 13.27, 13.27, 13.27
07/18/17, 13.68, 13.68, 13.68, 13.68
07/17/17, 12.63, 12.63, 12.63, 12.63
07/14/17, 12.65, 12.65, 12.65, 12.65
07/13/17, 13.12, 13.12, 13.12, 13.12
07/12/17, 13.75, 13.75, 13.75, 13.75
07/11/17, 14.77, 14.77, 14.77, 14.77
07/10/17, 14.78, 14.78, 14.78, 14.78
07/07/17, 15.18, 15.18, 15.18, 15.18
07/06/17, 15.47, 15.47, 15.47, 15.47
07/05/17, 14.70, 14.70, 14.70, 14.70
07/04/17, 14.39, 14.39, 14.39, 14.39
07/03/17, 14.49, 14.49, 14.49, 14.49
06/30/17, 17.25, 17.25, 17.25, 17.25
06/29/17, 17.60, 17.60, 17.60, 17.60
06/28/17, 14.85, 14.85, 14.85, 14.85
06/27/17, 14.77, 14.77, 14.77, 14.77
06/26/17, 13.66, 13.66, 13.66, 13.66
06/23/17, 14.22, 14.22, 14.22, 14.22
06/22/17, 14.03, 14.03, 14.03, 14.03
06/21/17, 14.18, 14.18, 14.18, 14.18
06/20/17, 14.03, 14.03, 14.03, 14.03
06/19/17, 13.03, 13.03, 13.03, 13.03
06/16/17, 13.74, 13.74, 13.74, 13.74
06/15/17, 14.94, 14.94, 14.94, 14.94
06/14/17, 13.95, 13.95, 13.95, 13.95
06/13/17, 13.56, 13.56, 13.56, 13.56
06/12/17, 14.51, 14.51, 14.51, 14.51
06/09/17, 13.39, 13.39, 13.39, 13.39
06/08/17, 14.08, 14.08, 14.08, 14.08
06/07/17, 14.61, 14.61, 14.61, 14.61
06/06/17, 14.39, 14.39, 14.39, 14.39
06/05/17, 13.94, 13.94, 13.94, 13.94
06/02/17, 13.33, 13.33, 13.33, 13.33
06/01/17, 13.62, 13.62, 13.62, 13.62
05/31/17, 14.55, 14.55, 14.55, 14.55
05/30/17, 14.47, 14.47, 14.47, 14.47
05/29/17, 14.18, 14.18, 14.18, 14.18
05/26/17, 13.85, 13.85, 13.85, 13.85
05/25/17, 13.96, 13.96, 13.96, 13.96
05/24/17, 13.88, 13.88, 13.88, 13.88
05/23/17, 13.84, 13.84, 13.84, 13.84
05/22/17, 14.83, 14.83, 14.83, 14.83
05/19/17, 15.47, 15.47, 15.47, 15.47
05/18/17, 17.08, 17.08, 17.08, 17.08
05/17/17, 16.14, 16.14, 16.14, 16.14
05/16/17, 13.54, 13.54, 13.54, 13.54
05/15/17, 14.20, 14.20, 14.20, 14.20
05/12/17, 13.87, 13.87, 13.87, 13.87
05/11/17, 14.35, 14.35, 14.35, 14.35
05/10/17, 14.07, 14.07, 14.07, 14.07
05/09/17, 14.09, 14.09, 14.09, 14.09
05/08/17, 14.39, 14.39, 14.39, 14.39
05/05/17, 17.01, 17.01, 17.01, 17.01
05/04/17, 16.48, 16.48, 16.48, 16.48
05/03/17, 17.40, 17.40, 17.40, 17.40
05/02/17, 17.27, 17.27, 17.27, 17.27
04/28/17, 17.05, 17.05, 17.05, 17.05
04/27/17, 16.11, 16.11, 16.11, 16.11
04/26/17, 15.58, 15.58, 15.58, 15.58
04/25/17, 15.42, 15.42, 15.42, 15.42
04/24/17, 16.25, 16.25, 16.25, 16.25
04/21/17, 25.09, 25.09, 25.09, 25.09
04/20/17, 24.90, 24.90, 24.90, 24.90
04/19/17, 24.20, 24.20, 24.20, 24.20
04/18/17, 25.59, 25.59, 25.59, 25.59
04/17/17, 23.39, 23.39, 23.39, 23.39
04/14/17, 23.39, 23.39, 23.39, 23.39
04/13/17, 23.39, 23.39, 23.39, 23.39
04/12/17, 22.72, 22.72, 22.72, 22.72
04/11/17, 22.95, 22.95, 22.95, 22.95
04/10/17, 22.09, 22.09, 22.09, 22.09
04/07/17, 19.54, 19.54, 19.54, 19.54
04/06/17, 18.87, 18.87, 18.87, 18.87
04/05/17, 18.52, 18.52, 18.52, 18.52
04/04/17, 18.00, 18.00, 18.00, 18.00
04/03/17, 17.96, 17.96, 17.96, 17.96
03/31/17, 16.52, 16.52, 16.52, 16.52
03/30/17, 16.10, 16.10, 16.10, 16.10
03/29/17, 15.93, 15.93, 15.93, 15.93
03/28/17, 15.86, 15.86, 15.86, 15.86
03/27/17, 16.35, 16.35, 16.35, 16.35
03/24/17, 15.20, 15.20, 15.20, 15.20
03/23/17, 15.10, 15.10, 15.10, 15.10
03/22/17, 14.51, 14.51, 14.51, 14.51
03/21/17, 13.77, 13.77, 13.77, 13.77
03/20/17, 13.08, 13.08, 13.08, 13.08
03/17/17, 11.16, 11.16, 11.16, 11.16
03/16/17, 11.52, 11.52, 11.52, 11.52
03/15/17, 15.60, 15.60, 15.60, 15.60
03/14/17, 15.97, 15.97, 15.97, 15.97
03/13/17, 15.58, 15.58, 15.58, 15.58
03/10/17, 15.34, 15.34, 15.34, 15.34
03/09/17, 15.21, 15.21, 15.21, 15.21
03/08/17, 14.98, 14.98, 14.98, 14.98
03/07/17, 15.37, 15.37, 15.37, 15.37
03/06/17, 15.77, 15.77, 15.77, 15.77
03/03/17, 15.27, 15.27, 15.27, 15.27
03/02/17, 15.28, 15.28, 15.28, 15.28
03/01/17, 15.39, 15.39, 15.39, 15.39
02/28/17, 16.28, 16.28, 16.28, 16.28
02/27/17, 16.04, 16.04, 16.04, 16.04
02/24/17, 15.86, 15.86, 15.86, 15.86
02/23/17, 15.46, 15.46, 15.46, 15.46
02/22/17, 14.86, 14.86, 14.86, 14.86
02/21/17, 14.57, 14.57, 14.57, 14.57
02/20/17, 14.89, 14.89, 14.89, 14.89
02/17/17, 14.83, 14.83, 14.83, 14.83
02/16/17, 15.40, 15.40, 15.40, 15.40
02/15/17, 14.68, 14.68, 14.68, 14.68
02/14/17, 14.65, 14.65, 14.65, 14.65
02/13/17, 14.80, 14.80, 14.80, 14.80
02/10/17, 15.11, 15.11, 15.11, 15.11
02/09/17, 15.30, 15.30, 15.30, 15.30
02/08/17, 16.83, 16.83, 16.83, 16.83
02/07/17, 16.91, 16.91, 16.91, 16.91
02/06/17, 16.43, 16.43, 16.43, 16.43
02/03/17, 15.13, 15.13, 15.13, 15.13
02/02/17, 16.19, 16.19, 16.19, 16.19
02/01/17, 16.64, 16.64, 16.64, 16.64
01/31/17, 17.37, 17.37, 17.37, 17.37
01/30/17, 17.47, 17.47, 17.47, 17.47
01/27/17, 15.85, 15.85, 15.85, 15.85
01/26/17, 15.61, 15.61, 15.61, 15.61
01/25/17, 15.70, 15.70, 15.70, 15.70
01/24/17, 16.31, 16.31, 16.31, 16.31
01/23/17, 17.11, 17.11, 17.11, 17.11
01/20/17, 14.60, 14.60, 14.60, 14.60
01/19/17, 14.85, 14.85, 14.85, 14.85
01/18/17, 14.85, 14.85, 14.85, 14.85
01/17/17, 15.67, 15.67, 15.67, 15.67
01/16/17, 15.47, 15.47, 15.47, 15.47
01/13/17, 14.86, 14.86, 14.86, 14.86
01/12/17, 16.29, 16.29, 16.29, 16.29
01/11/17, 15.70, 15.70, 15.70, 15.70
01/10/17, 15.35, 15.35, 15.35, 15.35
01/09/17, 15.51, 15.51, 15.51, 15.51
01/06/17, 15.34, 15.34, 15.34, 15.34
01/05/17, 15.98, 15.98, 15.98, 15.98
01/04/17, 16.46, 16.46, 16.46, 16.46
01/03/17, 17.35, 17.35, 17.35, 17.35
01/02/17, 17.96, 17.96, 17.96, 17.96
12/30/16, 18.12, 18.12, 18.12, 18.12
12/29/16, 17.77, 17.77, 17.77, 17.77
12/28/16, 17.06, 17.06, 17.06, 17.06
12/27/16, 16.72, 16.72, 16.72, 16.72
12/26/16, 15.09, 15.09, 15.09, 15.09
12/23/16, 15.09, 15.09, 15.09, 15.09
12/22/16, 14.88, 14.88, 14.88, 14.88
12/21/16, 14.74, 14.74, 14.74, 14.74
12/20/16, 14.88, 14.88, 14.88, 14.88
12/19/16, 15.12, 15.12, 15.12, 15.12
12/16/16, 15.10, 15.10, 15.10, 15.10
12/15/16, 15.86, 15.86, 15.86, 15.86
12/14/16, 17.11, 17.11, 17.11, 17.11
12/13/16, 16.87, 16.87, 16.87, 16.87
12/12/16, 16.93, 16.93, 16.93, 16.93
12/09/16, 16.62, 16.62, 16.62, 16.62
12/08/16, 16.16, 16.16, 16.16, 16.16
12/07/16, 17.14, 17.14, 17.14, 17.14
12/06/16, 17.63, 17.63, 17.63, 17.63
12/05/16, 18.96, 18.96, 18.96, 18.96
12/02/16, 22.62, 22.62, 22.62, 22.62
12/01/16, 22.60, 22.60, 22.60, 22.60
11/30/16, 21.44, 21.44, 21.44, 21.44
11/29/16, 21.80, 21.80, 21.80, 21.80
11/28/16, 22.53, 22.53, 22.53, 22.53
11/25/16, 20.41, 20.41, 20.41, 20.41
11/24/16, 20.03, 20.03, 20.03, 20.03
11/23/16, 20.19, 20.19, 20.19, 20.19
11/22/16, 20.25, 20.25, 20.25, 20.25
11/21/16, 20.55, 20.55, 20.55, 20.55
11/18/16, 20.37, 20.37, 20.37, 20.37
11/17/16, 19.95, 19.95, 19.95, 19.95
11/16/16, 21.11, 21.11, 21.11, 21.11
11/15/16, 20.64, 20.64, 20.64, 20.64
11/14/16, 22.19, 22.19, 22.19, 22.19
11/11/16, 21.96, 21.96, 21.96, 21.96
11/10/16, 21.10, 21.10, 21.10, 21.10
11/09/16, 21.10, 21.10, 21.10, 21.10
11/08/16, 24.93, 24.93, 24.93, 24.93
11/07/16, 24.62, 24.62, 24.62, 24.62
11/04/16, 25.21, 25.21, 25.21, 25.21
11/03/16, 24.68, 24.68, 24.68, 24.68
11/02/16, 23.65, 23.65, 23.65, 23.65
11/01/16, 23.46, 23.46, 23.46, 23.46
10/31/16, 21.44, 21.44, 21.44, 21.44
10/28/16, 19.27, 19.27, 19.27, 19.27
10/27/16, 18.73, 18.73, 18.73, 18.73
10/26/16, 18.67, 18.67, 18.67, 18.67
10/25/16, 18.23, 18.23, 18.23, 18.23
10/24/16, 17.71, 17.71, 17.71, 17.71
10/21/16, 16.60, 16.60, 16.60, 16.60
10/20/16, 17.22, 17.22, 17.22, 17.22
10/19/16, 18.07, 18.07, 18.07, 18.07
10/18/16, 19.07, 19.07, 19.07, 19.07
10/17/16, 20.62, 20.62, 20.62, 20.62
10/14/16, 19.46, 19.46, 19.46, 19.46
10/13/16, 20.93, 20.93, 20.93, 20.93
10/12/16, 20.13, 20.13, 20.13, 20.13
10/11/16, 19.88, 19.88, 19.88, 19.88
10/10/16, 19.26, 19.26, 19.26, 19.26
10/07/16, 20.04, 20.04, 20.04, 20.04
10/06/16, 19.17, 19.17, 19.17, 19.17
10/05/16, 19.44, 19.44, 19.44, 19.44
10/04/16, 19.21, 19.21, 19.21, 19.21
10/03/16, 20.40, 20.40, 20.40, 20.40
09/30/16, 19.77, 19.77, 19.77, 19.77
09/29/16, 19.96, 19.96, 19.96, 19.96
09/28/16, 19.69, 19.69, 19.69, 19.69
09/27/16, 20.66, 20.66, 20.66, 20.66
09/26/16, 20.22, 20.22, 20.22, 20.22
09/23/16, 16.83, 16.83, 16.83, 16.83
09/22/16, 17.27, 17.27, 17.27, 17.27
09/21/16, 20.09, 20.09, 20.09, 20.09
09/20/16, 20.70, 20.70, 20.70, 20.70
09/19/16, 20.32, 20.32, 20.32, 20.32
09/16/16, 21.31, 21.31, 21.31, 21.31
09/15/16, 20.55, 20.55, 20.55, 20.55
09/14/16, 22.21, 22.21, 22.21, 22.21
09/13/16, 22.78, 22.78, 22.78, 22.78
09/12/16, 21.90, 21.90, 21.90, 21.90
09/09/16, 19.30, 19.30, 19.30, 19.30
09/08/16, 17.81, 17.81, 17.81, 17.81
09/07/16, 18.57, 18.57, 18.57, 18.57
09/06/16, 19.08, 19.08, 19.08, 19.08
09/05/16, 18.41, 18.41, 18.41, 18.41
09/02/16, 18.30, 18.30, 18.30, 18.30
09/01/16, 20.06, 20.06, 20.06, 20.06
08/31/16, 19.42, 19.42, 19.42, 19.42
08/30/16, 19.37, 19.37, 19.37, 19.37
08/29/16, 20.19, 20.19, 20.19, 20.19
08/26/16, 19.49, 19.49, 19.49, 19.49
08/25/16, 20.41, 20.41, 20.41, 20.41
08/24/16, 19.83, 19.83, 19.83, 19.83
08/23/16, 20.22, 20.22, 20.22, 20.22
08/22/16, 21.66, 21.66, 21.66, 21.66
08/19/16, 21.13, 21.13, 21.13, 21.13
08/18/16, 20.32, 20.32, 20.32, 20.32
08/17/16, 21.19, 21.19, 21.19, 21.19
08/16/16, 20.07, 20.07, 20.07, 20.07
08/15/16, 18.83, 18.83, 18.83, 18.83
08/12/16, 17.90, 17.90, 17.90, 17.90
08/11/16, 18.36, 18.36, 18.36, 18.36
08/10/16, 19.19, 19.19, 19.19, 19.19
08/09/16, 18.29, 18.29, 18.29, 18.29
08/08/16, 18.94, 18.94, 18.94, 18.94
08/05/16, 19.30, 19.30, 19.30, 19.30
08/04/16, 21.41, 21.41, 21.41, 21.41
08/03/16, 22.95, 22.95, 22.95, 22.95
08/02/16, 23.12, 23.12, 23.12, 23.12
08/01/16, 20.33, 20.33, 20.33, 20.33
07/29/16, 20.25, 20.25, 20.25, 20.25
07/28/16, 20.99, 20.99, 20.99, 20.99
07/27/16, 20.53, 20.53, 20.53, 20.53
07/26/16, 20.14, 20.14, 20.14, 20.14
07/25/16, 19.92, 19.92, 19.92, 19.92
07/22/16, 19.12, 19.12, 19.12, 19.12
07/21/16, 19.45, 19.45, 19.45, 19.45
07/20/16, 20.34, 20.34, 20.34, 20.34
07/19/16, 21.01, 21.01, 21.01, 21.01
07/18/16, 20.84, 20.84, 20.84, 20.84
07/15/16, 20.92, 20.92, 20.92, 20.92
07/14/16, 21.81, 21.81, 21.81, 21.81
07/13/16, 23.09, 23.09, 23.09, 23.09
07/12/16, 22.32, 22.32, 22.32, 22.32
07/11/16, 23.57, 23.57, 23.57, 23.57
07/08/16, 24.62, 24.62, 24.62, 24.62
07/07/16, 26.55, 26.55, 26.55, 26.55
07/06/16, 28.26, 28.26, 28.26, 28.26
07/05/16, 26.71, 26.71, 26.71, 26.71
07/04/16, 24.98, 24.98, 24.98, 24.98
07/01/16, 25.02, 25.02, 25.02, 25.02
06/30/16, 26.08, 26.08, 26.08, 26.08
06/29/16, 28.55, 28.55, 28.55, 28.55
06/28/16, 31.01, 31.01, 31.01, 31.01
06/27/16, 35.00, 35.00, 35.00, 35.00
06/24/16, 35.43, 35.43, 35.43, 35.43
06/23/16, 32.06, 32.06, 32.06, 32.06
06/22/16, 36.04, 36.04, 36.04, 36.04
06/21/16, 34.47, 34.47, 34.47, 34.47
06/20/16, 34.22, 34.22, 34.22, 34.22
06/17/16, 38.03, 38.03, 38.03, 38.03
06/16/16, 39.90, 39.90, 39.90, 39.90
06/15/16, 37.69, 37.69, 37.69, 37.69
06/14/16, 38.34, 38.34, 38.34, 38.34
06/13/16, 34.36, 34.36, 34.36, 34.36
06/10/16, 30.23, 30.23, 30.23, 30.23
06/09/16, 25.84, 25.84, 25.84, 25.84
06/08/16, 24.32, 24.32, 24.32, 24.32
06/07/16, 23.35, 23.35, 23.35, 23.35
06/06/16, 24.05, 24.05, 24.05, 24.05
06/03/16, 23.55, 23.55, 23.55, 23.55
06/02/16, 23.11, 23.11, 23.11, 23.11
06/01/16, 23.93, 23.93, 23.93, 23.93
05/31/16, 22.11, 22.11, 22.11, 22.11
05/30/16, 20.94, 20.94, 20.94, 20.94
05/27/16, 20.46, 20.46, 20.46, 20.46
05/26/16, 20.82, 20.82, 20.82, 20.82
05/25/16, 21.06, 21.06, 21.06, 21.06
05/24/16, 21.79, 21.79, 21.79, 21.79
05/23/16, 23.29, 23.29, 23.29, 23.29
05/20/16, 22.60, 22.60, 22.60, 22.60
05/19/16, 24.38, 24.38, 24.38, 24.38
05/18/16, 23.30, 23.30, 23.30, 23.30
05/17/16, 24.47, 24.47, 24.47, 24.47
05/16/16, 24.21, 24.21, 24.21, 24.21
05/13/16, 23.60, 23.60, 23.60, 23.60
05/12/16, 24.45, 24.45, 24.45, 24.45
05/11/16, 23.86, 23.86, 23.86, 23.86
05/10/16, 23.89, 23.89, 23.89, 23.89
05/09/16, 24.96, 24.96, 24.96, 24.96
05/06/16, 25.12, 25.12, 25.12, 25.12
05/05/16, 25.93, 25.93, 25.93, 25.93
05/04/16, 27.04, 27.04, 27.04, 27.04
05/03/16, 26.41, 26.41, 26.41, 26.41
05/02/16, 25.12, 25.12, 25.12, 25.12
04/29/16, 24.03, 24.03, 24.03, 24.03
04/28/16, 20.85, 20.85, 20.85, 20.85
04/27/16, 21.28, 21.28, 21.28, 21.28
04/26/16, 21.28, 21.28, 21.28, 21.28
04/25/16, 21.84, 21.84, 21.84, 21.84
04/22/16, 20.60, 20.60, 20.60, 20.60
04/21/16, 20.31, 20.31, 20.31, 20.31
04/20/16, 19.88, 19.88, 19.88, 19.88
04/19/16, 20.36, 20.36, 20.36, 20.36
04/18/16, 21.28, 21.28, 21.28, 21.28
04/15/16, 20.55, 20.55, 20.55, 20.55
04/14/16, 20.63, 20.63, 20.63, 20.63
04/13/16, 22.31, 22.31, 22.31, 22.31
04/12/16, 24.08, 24.08, 24.08, 24.08
04/11/16, 24.89, 24.89, 24.89, 24.89
04/08/16, 24.81, 24.81, 24.81, 24.81
04/07/16, 26.16, 26.16, 26.16, 26.16
04/06/16, 25.17, 25.17, 25.17, 25.17
04/05/16, 26.62, 26.62, 26.62, 26.62
04/04/16, 24.51, 24.51, 24.51, 24.51
04/01/16, 25.11, 25.11, 25.11, 25.11
03/31/16, 23.45, 23.45, 23.45, 23.45
03/30/16, 22.64, 22.64, 22.64, 22.64
03/29/16, 24.90, 24.90, 24.90, 24.90
03/28/16, 24.63, 24.63, 24.63, 24.63
03/25/16, 24.63, 24.63, 24.63, 24.63
03/24/16, 24.63, 24.63, 24.63, 24.63
03/23/16, 22.10, 22.10, 22.10, 22.10
03/22/16, 22.04, 22.04, 22.04, 22.04
03/21/16, 21.83, 21.83, 21.83, 21.83
03/18/16, 20.66, 20.66, 20.66, 20.66
03/17/16, 22.75, 22.75, 22.75, 22.75
03/16/16, 23.10, 23.10, 23.10, 23.10
03/15/16, 23.24, 23.24, 23.24, 23.24
03/14/16, 22.96, 22.96, 22.96, 22.96
03/11/16, 24.11, 24.11, 24.11, 24.11
03/10/16, 28.18, 28.18, 28.18, 28.18
03/09/16, 28.06, 28.06, 28.06, 28.06
03/08/16, 27.85, 27.85, 27.85, 27.85
03/07/16, 26.21, 26.21, 26.21, 26.21
03/04/16, 24.51, 24.51, 24.51, 24.51
03/03/16, 26.52, 26.52, 26.52, 26.52
03/02/16, 27.12, 27.12, 27.12, 27.12
03/01/16, 28.54, 28.54, 28.54, 28.54
02/29/16, 29.73, 29.73, 29.73, 29.73
02/26/16, 29.28, 29.28, 29.28, 29.28
02/25/16, 31.03, 31.03, 31.03, 31.03
02/24/16, 33.12, 33.12, 33.12, 33.12
02/23/16, 30.54, 30.54, 30.54, 30.54
02/22/16, 29.95, 29.95, 29.95, 29.95
02/19/16, 31.27, 31.27, 31.27, 31.27
02/18/16, 30.92, 30.92, 30.92, 30.92
02/17/16, 30.50, 30.50, 30.50, 30.50
02/16/16, 33.52, 33.52, 33.52, 33.52
02/15/16, 33.92, 33.92, 33.92, 33.92
02/12/16, 35.68, 35.68, 35.68, 35.68
02/11/16, 38.31, 38.31, 38.31, 38.31
02/10/16, 33.45, 33.45, 33.45, 33.45
02/09/16, 33.97, 33.97, 33.97, 33.97
02/08/16, 33.39, 33.39, 33.39, 33.39
02/05/16, 30.05, 30.05, 30.05, 30.05
02/04/16, 29.64, 29.64, 29.64, 29.64
02/03/16, 30.74, 30.74, 30.74, 30.74
02/02/16, 29.15, 29.15, 29.15, 29.15
02/01/16, 27.33, 27.33, 27.33, 27.33
01/29/16, 27.39, 27.39, 27.39, 27.39
01/28/16, 29.83, 29.83, 29.83, 29.83
01/27/16, 27.78, 27.78, 27.78, 27.78
01/26/16, 28.12, 28.12, 28.12, 28.12
01/25/16, 28.44, 28.44, 28.44, 28.44
01/22/16, 28.34, 28.34, 28.34, 28.34
01/21/16, 31.79, 31.79, 31.79, 31.79
01/20/16, 35.11, 35.11, 35.11, 35.11
01/19/16, 30.76, 30.76, 30.76, 30.76
01/18/16, 34.33, 34.33, 34.33, 34.33
01/15/16, 34.59, 34.59, 34.59, 34.59
01/14/16, 29.94, 29.94, 29.94, 29.94
01/13/16, 28.13, 28.13, 28.13, 28.13
01/12/16, 28.54, 28.54, 28.54, 28.54
01/11/16, 30.22, 30.22, 30.22, 30.22
01/08/16, 30.40, 30.40, 30.40, 30.40
01/07/16, 29.79, 29.79, 29.79, 29.79
01/06/16, 26.31, 26.31, 26.31, 26.31
01/05/16, 26.21, 26.21, 26.21, 26.21
01/04/16, 27.00, 27.00, 27.00, 27.00
12/30/15, 22.17, 22.17, 22.17, 22.17
12/29/15, 21.61, 21.61, 21.61, 21.61
12/28/15, 22.45, 22.45, 22.45, 22.45
12/23/15, 20.25, 20.25, 20.25, 20.25
12/22/15, 22.54, 22.54, 22.54, 22.54
12/21/15, 23.88, 23.88, 23.88, 23.88
12/18/15, 23.90, 23.90, 23.90, 23.90
12/17/15, 22.58, 22.58, 22.58, 22.58
12/16/15, 25.44, 25.44, 25.44, 25.44
12/15/15, 27.46, 27.46, 27.46, 27.46
12/14/15, 30.41, 30.41, 30.41, 30.41
12/11/15, 26.58, 26.58, 26.58, 26.58
12/10/15, 24.53, 24.53, 24.53, 24.53
12/09/15, 24.29, 24.29, 24.29, 24.29
12/08/15, 23.57, 23.57, 23.57, 23.57
12/07/15, 22.04, 22.04, 22.04, 22.04
12/04/15, 22.68, 22.68, 22.68, 22.68
12/03/15, 22.65, 22.65, 22.65, 22.65
12/02/15, 22.82, 22.82, 22.82, 22.82
12/01/15, 23.61, 23.61, 23.61, 23.61
11/30/15, 23.65, 23.65, 23.65, 23.65
11/27/15, 23.07, 23.07, 23.07, 23.07
11/26/15, 22.89, 22.89, 22.89, 22.89
11/25/15, 23.94, 23.94, 23.94, 23.94
11/24/15, 24.81, 24.81, 24.81, 24.81
11/23/15, 22.98, 22.98, 22.98, 22.98
11/20/15, 22.65, 22.65, 22.65, 22.65
11/19/15, 23.44, 23.44, 23.44, 23.44
11/18/15, 24.75, 24.75, 24.75, 24.75
11/17/15, 23.62, 23.62, 23.62, 23.62
11/16/15, 25.85, 25.85, 25.85, 25.85
11/13/15, 24.95, 24.95, 24.95, 24.95
11/12/15, 23.45, 23.45, 23.45, 23.45
11/11/15, 21.84, 21.84, 21.84, 21.84
11/10/15, 22.39, 22.39, 22.39, 22.39
11/09/15, 21.98, 21.98, 21.98, 21.98
11/06/15, 20.44, 20.44, 20.44, 20.44
11/05/15, 20.94, 20.94, 20.94, 20.94
11/04/15, 20.75, 20.75, 20.75, 20.75
11/03/15, 20.06, 20.06, 20.06, 20.06
11/02/15, 20.77, 20.77, 20.77, 20.77
10/30/15, 20.36, 20.36, 20.36, 20.36
10/29/15, 21.04, 21.04, 21.04, 21.04
10/28/15, 20.71, 20.71, 20.71, 20.71
10/27/15, 20.69, 20.69, 20.69, 20.69
10/26/15, 20.64, 20.64, 20.64, 20.64
10/23/15, 19.80, 19.80, 19.80, 19.80
10/22/15, 19.97, 19.97, 19.97, 19.97
10/21/15, 21.83, 21.83, 21.83, 21.83
10/20/15, 21.72, 21.72, 21.72, 21.72
10/19/15, 22.45, 22.45, 22.45, 22.45
10/16/15, 22.74, 22.74, 22.74, 22.74
10/15/15, 24.12, 24.12, 24.12, 24.12
10/14/15, 25.16, 25.16, 25.16, 25.16
10/13/15, 24.04, 24.04, 24.04, 24.04
10/12/15, 23.19, 23.19, 23.19, 23.19
10/09/15, 23.42, 23.42, 23.42, 23.42
10/08/15, 24.52, 24.52, 24.52, 24.52
10/07/15, 26.39, 26.39, 26.39, 26.39
10/06/15, 26.26, 26.26, 26.26, 26.26
10/05/15, 28.62, 28.62, 28.62, 28.62
10/02/15, 30.94, 30.94, 30.94, 30.94
10/01/15, 31.72, 31.72, 31.72, 31.72
09/30/15, 32.05, 32.05, 32.05, 32.05
09/29/15, 33.74, 33.74, 33.74, 33.74
09/28/15, 33.08, 33.08, 33.08, 33.08
09/25/15, 30.52, 30.52, 30.52, 30.52
09/24/15, 33.46, 33.46, 33.46, 33.46
09/23/15, 31.06, 31.06, 31.06, 31.06
09/22/15, 32.16, 32.16, 32.16, 32.16
09/21/15, 27.02, 27.02, 27.02, 27.02
09/18/15, 28.40, 28.40, 28.40, 28.40
09/17/15, 27.06, 27.06, 27.06, 27.06
09/16/15, 27.92, 27.92, 27.92, 27.92
09/15/15, 29.95, 29.95, 29.95, 29.95
09/14/15, 31.36, 31.36, 31.36, 31.36
09/11/15, 31.65, 31.65, 31.65, 31.65
09/10/15, 32.00, 32.00, 32.00, 32.00
09/09/15, 30.45, 30.45, 30.45, 30.45
09/08/15, 32.23, 32.23, 32.23, 32.23
09/07/15, 35.15, 35.15, 35.15, 35.15
09/04/15, 34.82, 34.82, 34.82, 34.82
09/03/15, 29.88, 29.88, 29.88, 29.88
09/02/15, 33.70, 33.70, 33.70, 33.70
09/01/15, 34.26, 34.26, 34.26, 34.26
08/31/15, 31.07, 31.07, 31.07, 31.07
08/28/15, 31.03, 31.03, 31.03, 31.03
08/27/15, 30.56, 30.56, 30.56, 30.56
08/26/15, 35.29, 35.29, 35.29, 35.29
08/25/15, 33.65, 33.65, 33.65, 33.65
08/24/15, 40.80, 40.80, 40.80, 40.80
08/21/15, 30.21, 30.21, 30.21, 30.21
08/20/15, 25.49, 25.49, 25.49, 25.49
08/19/15, 23.71, 23.71, 23.71, 23.71
08/18/15, 22.50, 22.50, 22.50, 22.50
08/17/15, 22.38, 22.38, 22.38, 22.38
08/14/15, 22.84, 22.84, 22.84, 22.84
08/13/15, 23.24, 23.24, 23.24, 23.24
08/12/15, 24.47, 24.47, 24.47, 24.47
08/11/15, 20.40, 20.40, 20.40, 20.40
08/10/15, 18.31, 18.31, 18.31, 18.31
08/07/15, 18.71, 18.71, 18.71, 18.71
08/06/15, 18.26, 18.26, 18.26, 18.26
08/05/15, 17.55, 17.55, 17.55, 17.55
08/04/15, 18.25, 18.25, 18.25, 18.25
08/03/15, 18.59, 18.59, 18.59, 18.59
07/31/15, 19.29, 19.29, 19.29, 19.29
07/30/15, 20.23, 20.23, 20.23, 20.23
07/29/15, 20.03, 20.03, 20.03, 20.03
07/28/15, 20.81, 20.81, 20.81, 20.81
07/27/15, 21.92, 21.92, 21.92, 21.92
07/24/15, 19.04, 19.04, 19.04, 19.04
07/23/15, 17.43, 17.43, 17.43, 17.43
07/22/15, 18.16, 18.16, 18.16, 18.16
07/21/15, 17.91, 17.91, 17.91, 17.91
07/20/15, 18.12, 18.12, 18.12, 18.12
07/17/15, 18.97, 18.97, 18.97, 18.97
07/16/15, 19.02, 19.02, 19.02, 19.02
07/15/15, 21.10, 21.10, 21.10, 21.10
07/14/15, 21.55, 21.55, 21.55, 21.55
07/13/15, 23.25, 23.25, 23.25, 23.25
07/10/15, 27.88, 27.88, 27.88, 27.88
07/09/15, 30.77, 30.77, 30.77, 30.77
07/08/15, 31.63, 31.63, 31.63, 31.63
07/07/15, 30.99, 30.99, 30.99, 30.99
07/06/15, 29.98, 29.98, 29.98, 29.98
07/03/15, 32.28, 32.28, 32.28, 32.28
07/02/15, 31.67, 31.67, 31.67, 31.67
07/01/15, 30.29, 30.29, 30.29, 30.29
06/30/15, 32.31, 32.31, 32.31, 32.31
06/29/15, 30.65, 30.65, 30.65, 30.65
06/26/15, 26.72, 26.72, 26.72, 26.72
06/25/15, 25.64, 25.64, 25.64, 25.64
06/24/15, 24.93, 24.93, 24.93, 24.93
06/23/15, 23.52, 23.52, 23.52, 23.52
06/22/15, 23.54, 23.54, 23.54, 23.54
06/19/15, 28.62, 28.62, 28.62, 28.62
06/18/15, 28.43, 28.43, 28.43, 28.43
06/17/15, 28.27, 28.27, 28.27, 28.27
06/16/15, 28.74, 28.74, 28.74, 28.74
06/15/15, 27.85, 27.85, 27.85, 27.85
06/12/15, 25.26, 25.26, 25.26, 25.26
06/11/15, 23.63, 23.63, 23.63, 23.63
06/10/15, 23.83, 23.83, 23.83, 23.83
06/09/15, 24.99, 24.99, 24.99, 24.99
06/08/15, 25.60, 25.60, 25.60, 25.60
06/05/15, 25.27, 25.27, 25.27, 25.27
06/04/15, 24.45, 24.45, 24.45, 24.45
06/03/15, 24.05, 24.05, 24.05, 24.05
06/02/15, 24.51, 24.51, 24.51, 24.51
06/01/15, 24.56, 24.56, 24.56, 24.56
05/29/15, 23.54, 23.54, 23.54, 23.54
05/28/15, 22.02, 22.02, 22.02, 22.02
05/27/15, 20.82, 20.82, 20.82, 20.82
05/26/15, 22.50, 22.50, 22.50, 22.50
05/22/15, 19.63, 19.63, 19.63, 19.63
05/21/15, 19.53, 19.53, 19.53, 19.53
05/20/15, 19.57, 19.57, 19.57, 19.57
05/19/15, 20.05, 20.05, 20.05, 20.05
05/18/15, 21.01, 21.01, 21.01, 21.01
05/15/15, 21.51, 21.51, 21.51, 21.51
05/14/15, 21.74, 21.74, 21.74, 21.74
05/13/15, 23.05, 23.05, 23.05, 23.05
05/12/15, 23.23, 23.23, 23.23, 23.23
05/11/15, 21.84, 21.84, 21.84, 21.84
05/08/15, 21.13, 21.13, 21.13, 21.13
05/07/15, 23.75, 23.75, 23.75, 23.75
05/06/15, 24.72, 24.72, 24.72, 24.72
05/05/15, 25.22, 25.22, 25.22, 25.22
05/04/15, 23.43, 23.43, 23.43, 23.43
04/30/15, 24.21, 24.21, 24.21, 24.21
04/29/15, 24.05, 24.05, 24.05, 24.05
04/28/15, 22.12, 22.12, 22.12, 22.12
04/27/15, 20.89, 20.89, 20.89, 20.89
04/24/15, 21.92, 21.92, 21.92, 21.92
04/23/15, 22.57, 22.57, 22.57, 22.57
04/22/15, 22.33, 22.33, 22.33, 22.33
04/21/15, 22.40, 22.40, 22.40, 22.40
04/20/15, 22.30, 22.30, 22.30, 22.30
04/17/15, 25.06, 25.06, 25.06, 25.06
04/16/15, 20.11, 20.11, 20.11, 20.11
04/15/15, 18.21, 18.21, 18.21, 18.21
04/14/15, 18.86, 18.86, 18.86, 18.86
04/13/15, 17.86, 17.86, 17.86, 17.86
04/10/15, 17.51, 17.51, 17.51, 17.51
04/09/15, 18.31, 18.31, 18.31, 18.31
04/08/15, 19.43, 19.43, 19.43, 19.43
04/07/15, 20.06, 20.06, 20.06, 20.06
04/06/15, 20.72, 20.72, 20.72, 20.72
04/03/15, 20.72, 20.72, 20.72, 20.72
04/02/15, 20.72, 20.72, 20.72, 20.72
04/01/15, 20.97, 20.97, 20.97, 20.97
03/31/15, 21.10, 21.10, 21.10, 21.10
03/30/15, 19.76, 19.76, 19.76, 19.76
03/27/15, 20.47, 20.47, 20.47, 20.47
03/26/15, 19.65, 19.65, 19.65, 19.65
03/25/15, 19.16, 19.16, 19.16, 19.16
03/24/15, 17.67, 17.67, 17.67, 17.67
03/23/15, 19.83, 19.83, 19.83, 19.83
03/20/15, 17.48, 17.48, 17.48, 17.48
03/19/15, 18.91, 18.91, 18.91, 18.91
03/18/15, 19.69, 19.69, 19.69, 19.69
03/17/15, 20.25, 20.25, 20.25, 20.25
03/16/15, 19.39, 19.39, 19.39, 19.39
03/13/15, 18.83, 18.83, 18.83, 18.83
03/12/15, 18.97, 18.97, 18.97, 18.97
03/11/15, 19.47, 19.47, 19.47, 19.47
03/10/15, 20.47, 20.47, 20.47, 20.47
03/09/15, 18.81, 18.81, 18.81, 18.81
03/06/15, 18.41, 18.41, 18.41, 18.41
03/05/15, 18.18, 18.18, 18.18, 18.18
03/04/15, 18.92, 18.92, 18.92, 18.92
03/03/15, 19.58, 19.58, 19.58, 19.58
03/02/15, 17.80, 17.80, 17.80, 17.80
02/27/15, 17.75, 17.75, 17.75, 17.75
02/26/15, 17.35, 17.35, 17.35, 17.35
02/25/15, 17.82, 17.82, 17.82, 17.82
02/24/15, 18.40, 18.40, 18.40, 18.40
02/23/15, 20.63, 20.63, 20.63, 20.63
02/20/15, 24.20, 24.20, 24.20, 24.20
02/19/15, 23.21, 23.21, 23.21, 23.21
02/18/15, 23.34, 23.34, 23.34, 23.34
02/17/15, 24.90, 24.90, 24.90, 24.90
02/16/15, 25.25, 25.25, 25.25, 25.25
02/13/15, 24.18, 24.18, 24.18, 24.18
02/12/15, 24.36, 24.36, 24.36, 24.36
02/11/15, 25.72, 25.72, 25.72, 25.72
02/10/15, 25.11, 25.11, 25.11, 25.11
02/09/15, 25.37, 25.37, 25.37, 25.37
02/06/15, 21.83, 21.83, 21.83, 21.83
02/05/15, 22.26, 22.26, 22.26, 22.26
02/04/15, 22.27, 22.27, 22.27, 22.27
02/03/15, 22.76, 22.76, 22.76, 22.76
02/02/15, 24.32, 24.32, 24.32, 24.32
01/30/15, 24.73, 24.73, 24.73, 24.73
01/29/15, 23.32, 23.32, 23.32, 23.32
01/28/15, 21.83, 21.83, 21.83, 21.83
01/27/15, 22.43, 22.43, 22.43, 22.43
01/26/15, 21.34, 21.34, 21.34, 21.34
01/23/15, 23.11, 23.11, 23.11, 23.11
01/22/15, 22.94, 22.94, 22.94, 22.94
01/21/15, 26.02, 26.02, 26.02, 26.02
01/20/15, 27.07, 27.07, 27.07, 27.07
01/19/15, 28.32, 28.32, 28.32, 28.32
01/16/15, 29.33, 29.33, 29.33, 29.33
01/15/15, 29.03, 29.03, 29.03, 29.03
01/14/15, 29.48, 29.48, 29.48, 29.48
01/13/15, 28.54, 28.54, 28.54, 28.54
01/12/15, 29.72, 29.72, 29.72, 29.72
01/09/15, 28.78, 28.78, 28.78, 28.78
01/08/15, 25.91, 25.91, 25.91, 25.91
01/07/15, 28.17, 28.17, 28.17, 28.17
01/06/15, 28.83, 28.83, 28.83, 28.83
01/05/15, 29.62, 29.62, 29.62, 29.62
01/02/15, 26.25, 26.25, 26.25, 26.25
01/01/15, 26.19, 26.19, 26.19, 26.19
12/31/14, 26.19, 26.19, 26.19, 26.19
12/30/14, 26.19, 26.19, 26.19, 26.19
12/29/14, 24.94, 24.94, 24.94, 24.94
12/23/14, 22.08, 22.08, 22.08, 22.08
12/22/14, 22.97, 22.97, 22.97, 22.97
12/19/14, 23.62, 23.62, 23.62, 23.62
12/18/14, 22.58, 22.58, 22.58, 22.58
12/17/14, 27.23, 27.23, 27.23, 27.23
12/16/14, 25.66, 25.66, 25.66, 25.66
12/15/14, 29.53, 29.53, 29.53, 29.53
12/12/14, 26.50, 26.50, 26.50, 26.50
12/11/14, 20.81, 20.81, 20.81, 20.81
12/10/14, 21.73, 21.73, 21.73, 21.73
12/09/14, 21.44, 21.44, 21.44, 21.44
12/08/14, 16.63, 16.63, 16.63, 16.63
12/05/14, 16.33, 16.33, 16.33, 16.33
12/04/14, 18.11, 18.11, 18.11, 18.11
12/03/14, 18.79, 18.79, 18.79, 18.79
12/02/14, 19.12, 19.12, 19.12, 19.12
12/01/14, 19.34, 19.34, 19.34, 19.34
11/28/14, 18.03, 18.03, 18.03, 18.03
11/27/14, 18.16, 18.16, 18.16, 18.16
11/26/14, 18.28, 18.28, 18.28, 18.28
11/25/14, 19.15, 19.15, 19.15, 19.15
11/24/14, 19.32, 19.32, 19.32, 19.32
11/21/14, 18.91, 18.91, 18.91, 18.91
11/20/14, 19.91, 19.91, 19.91, 19.91
11/19/14, 19.58, 19.58, 19.58, 19.58
11/18/14, 18.97, 18.97, 18.97, 18.97
11/17/14, 19.42, 19.42, 19.42, 19.42
11/14/14, 19.56, 19.56, 19.56, 19.56
11/13/14, 20.04, 20.04, 20.04, 20.04
11/12/14, 20.61, 20.61, 20.61, 20.61
11/11/14, 18.26, 18.26, 18.26, 18.26
11/10/14, 19.18, 19.18, 19.18, 19.18
11/07/14, 21.12, 21.12, 21.12, 21.12
11/06/14, 20.72, 20.72, 20.72, 20.72
11/05/14, 21.95, 21.95, 21.95, 21.95
11/04/14, 22.89, 22.89, 22.89, 22.89
11/03/14, 21.36, 21.36, 21.36, 21.36
10/31/14, 20.32, 20.32, 20.32, 20.32
10/30/14, 20.88, 20.88, 20.88, 20.88
10/29/14, 20.74, 20.74, 20.74, 20.74
10/28/14, 20.41, 20.41, 20.41, 20.41
10/27/14, 23.02, 23.02, 23.02, 23.02
10/24/14, 21.32, 21.32, 21.32, 21.32
10/23/14, 20.88, 20.88, 20.88, 20.88
10/22/14, 21.70, 21.70, 21.70, 21.70
10/21/14, 22.24, 22.24, 22.24, 22.24
10/20/14, 25.19, 25.19, 25.19, 25.19
10/17/14, 25.35, 25.35, 25.35, 25.35
10/16/14, 31.52, 31.52, 31.52, 31.52
10/15/14, 28.76, 28.76, 28.76, 28.76
10/14/14, 23.38, 23.38, 23.38, 23.38
10/13/14, 23.50, 23.50, 23.50, 23.50
10/10/14, 23.12, 23.12, 23.12, 23.12
10/09/14, 20.52, 20.52, 20.52, 20.52
10/08/14, 20.90, 20.90, 20.90, 20.90
10/07/14, 21.01, 21.01, 21.01, 21.01
10/06/14, 19.76, 19.76, 19.76, 19.76
10/03/14, 19.70, 19.70, 19.70, 19.70
10/02/14, 21.08, 21.08, 21.08, 21.08
10/01/14, 19.01, 19.01, 19.01, 19.01
09/30/14, 17.85, 17.85, 17.85, 17.85
09/29/14, 18.80, 18.80, 18.80, 18.80
09/26/14, 17.60, 17.60, 17.60, 17.60
09/25/14, 17.57, 17.57, 17.57, 17.57
09/24/14, 15.95, 15.95, 15.95, 15.95
09/23/14, 17.77, 17.77, 17.77, 17.77
09/22/14, 15.83, 15.83, 15.83, 15.83
09/19/14, 15.06, 15.06, 15.06, 15.06
09/18/14, 16.63, 16.63, 16.63, 16.63
09/17/14, 16.43, 16.43, 16.43, 16.43
09/16/14, 17.10, 17.10, 17.10, 17.10
09/15/14, 16.72, 16.72, 16.72, 16.72
09/12/14, 15.91, 15.91, 15.91, 15.91
09/11/14, 16.61, 16.61, 16.61, 16.61
09/10/14, 16.42, 16.42, 16.42, 16.42
09/09/14, 15.88, 15.88, 15.88, 15.88
09/08/14, 15.85, 15.85, 15.85, 15.85
09/05/14, 15.47, 15.47, 15.47, 15.47
09/04/14, 16.16, 16.16, 16.16, 16.16
09/03/14, 16.81, 16.81, 16.81, 16.81
09/02/14, 17.84, 17.84, 17.84, 17.84
09/01/14, 17.73, 17.73, 17.73, 17.73
08/29/14, 17.19, 17.19, 17.19, 17.19
08/28/14, 17.28, 17.28, 17.28, 17.28
08/27/14, 16.11, 16.11, 16.11, 16.11
08/26/14, 15.90, 15.90, 15.90, 15.90
08/25/14, 16.45, 16.45, 16.45, 16.45
08/22/14, 17.23, 17.23, 17.23, 17.23
08/21/14, 16.03, 16.03, 16.03, 16.03
08/20/14, 16.73, 16.73, 16.73, 16.73
08/19/14, 16.31, 16.31, 16.31, 16.31
08/18/14, 17.03, 17.03, 17.03, 17.03
08/15/14, 20.36, 20.36, 20.36, 20.36
08/14/14, 17.30, 17.30, 17.30, 17.30
08/13/14, 18.23, 18.23, 18.23, 18.23
08/12/14, 19.56, 19.56, 19.56, 19.56
08/11/14, 19.43, 19.43, 19.43, 19.43
08/08/14, 21.24, 21.24, 21.24, 21.24
08/07/14, 20.80, 20.80, 20.80, 20.80
08/06/14, 19.15, 19.15, 19.15, 19.15
08/05/14, 18.44, 18.44, 18.44, 18.44
08/04/14, 19.09, 19.09, 19.09, 19.09
08/01/14, 19.81, 19.81, 19.81, 19.81
07/31/14, 19.12, 19.12, 19.12, 19.12
07/30/14, 17.48, 17.48, 17.48, 17.48
07/29/14, 16.76, 16.76, 16.76, 16.76
07/28/14, 17.07, 17.07, 17.07, 17.07
07/25/14, 16.73, 16.73, 16.73, 16.73
07/24/14, 14.85, 14.85, 14.85, 14.85
07/23/14, 15.59, 15.59, 15.59, 15.59
07/22/14, 15.67, 15.67, 15.67, 15.67
07/21/14, 17.72, 17.72, 17.72, 17.72
07/18/14, 16.53, 16.53, 16.53, 16.53
07/17/14, 17.65, 17.65, 17.65, 17.65
07/16/14, 14.81, 14.81, 14.81, 14.81
07/15/14, 15.87, 15.87, 15.87, 15.87
07/14/14, 14.99, 14.99, 14.99, 14.99
07/11/14, 16.34, 16.34, 16.34, 16.34
07/10/14, 16.66, 16.66, 16.66, 16.66
07/09/14, 15.09, 15.09, 15.09, 15.09
07/08/14, 15.89, 15.89, 15.89, 15.89
07/07/14, 14.33, 14.33, 14.33, 14.33
07/04/14, 13.10, 13.10, 13.10, 13.10
07/03/14, 12.89, 12.89, 12.89, 12.89
07/02/14, 13.96, 13.96, 13.96, 13.96
07/01/14, 14.39, 14.39, 14.39, 14.39
06/30/14, 15.27, 15.27, 15.27, 15.27
06/27/14, 15.30, 15.30, 15.30, 15.30
06/26/14, 14.80, 14.80, 14.80, 14.80
06/25/14, 14.30, 14.30, 14.30, 14.30
06/24/14, 13.13, 13.13, 13.13, 13.13
06/23/14, 13.58, 13.58, 13.58, 13.58
06/20/14, 12.78, 12.78, 12.78, 12.78
06/19/14, 12.71, 12.71, 12.71, 12.71
06/18/14, 13.88, 13.88, 13.88, 13.88
06/17/14, 14.34, 14.34, 14.34, 14.34
06/16/14, 15.37, 15.37, 15.37, 15.37
06/13/14, 14.15, 14.15, 14.15, 14.15
06/12/14, 13.85, 13.85, 13.85, 13.85
06/11/14, 13.73, 13.73, 13.73, 13.73
06/10/14, 13.04, 13.04, 13.04, 13.04
06/09/14, 13.14, 13.14, 13.14, 13.14
06/06/14, 13.46, 13.46, 13.46, 13.46
06/05/14, 14.62, 14.62, 14.62, 14.62
06/04/14, 16.51, 16.51, 16.51, 16.51
06/03/14, 16.52, 16.52, 16.52, 16.52
06/02/14, 16.26, 16.26, 16.26, 16.26
05/30/14, 15.78, 15.78, 15.78, 15.78
05/29/14, 15.52, 15.52, 15.52, 15.52
05/28/14, 15.02, 15.02, 15.02, 15.02
05/27/14, 15.15, 15.15, 15.15, 15.15
05/26/14, 15.25, 15.25, 15.25, 15.25
05/23/14, 15.60, 15.60, 15.60, 15.60
05/22/14, 15.26, 15.26, 15.26, 15.26
05/21/14, 15.29, 15.29, 15.29, 15.29
05/20/14, 15.72, 15.72, 15.72, 15.72
05/19/14, 15.93, 15.93, 15.93, 15.93
05/16/14, 15.79, 15.79, 15.79, 15.79
05/15/14, 17.45, 17.45, 17.45, 17.45
05/14/14, 15.88, 15.88, 15.88, 15.88
05/13/14, 16.00, 16.00, 16.00, 16.00
05/12/14, 16.25, 16.25, 16.25, 16.25
05/09/14, 16.67, 16.67, 16.67, 16.67
05/08/14, 16.73, 16.73, 16.73, 16.73
05/07/14, 17.56, 17.56, 17.56, 17.56
05/06/14, 18.51, 18.51, 18.51, 18.51
05/05/14, 18.06, 18.06, 18.06, 18.06
05/02/14, 17.90, 17.90, 17.90, 17.90
04/30/14, 17.07, 17.07, 17.07, 17.07
04/29/14, 17.34, 17.34, 17.34, 17.34
04/28/14, 18.45, 18.45, 18.45, 18.45
04/25/14, 18.77, 18.77, 18.77, 18.77
04/24/14, 17.00, 17.00, 17.00, 17.00
04/23/14, 17.10, 17.10, 17.10, 17.10
04/22/14, 16.81, 16.81, 16.81, 16.81
04/21/14, 16.99, 16.99, 16.99, 16.99
04/18/14, 16.99, 16.99, 16.99, 16.99
04/17/14, 16.99, 16.99, 16.99, 16.99
04/16/14, 17.32, 17.32, 17.32, 17.32
04/15/14, 19.64, 19.64, 19.64, 19.64
04/14/14, 18.50, 18.50, 18.50, 18.50
04/11/14, 18.30, 18.30, 18.30, 18.30
04/10/14, 17.25, 17.25, 17.25, 17.25
04/09/14, 16.93, 16.93, 16.93, 16.93
04/08/14, 17.60, 17.60, 17.60, 17.60
04/07/14, 17.54, 17.54, 17.54, 17.54
04/04/14, 15.88, 15.88, 15.88, 15.88
04/03/14, 16.37, 16.37, 16.37, 16.37
04/02/14, 17.11, 17.11, 17.11, 17.11
04/01/14, 16.91, 16.91, 16.91, 16.91
03/31/14, 17.66, 17.66, 17.66, 17.66
03/28/14, 17.03, 17.03, 17.03, 17.03
03/27/14, 17.64, 17.64, 17.64, 17.64
03/26/14, 17.59, 17.59, 17.59, 17.59
03/25/14, 18.26, 18.26, 18.26, 18.26
03/24/14, 19.42, 19.42, 19.42, 19.42
03/21/14, 17.19, 17.19, 17.19, 17.19
03/20/14, 18.13, 18.13, 18.13, 18.13
03/19/14, 19.29, 19.29, 19.29, 19.29
03/18/14, 20.11, 20.11, 20.11, 20.11
03/17/14, 21.46, 21.46, 21.46, 21.46
03/14/14, 23.21, 23.21, 23.21, 23.21
03/13/14, 22.09, 22.09, 22.09, 22.09
03/12/14, 20.21, 20.21, 20.21, 20.21
03/11/14, 19.77, 19.77, 19.77, 19.77
03/10/14, 20.12, 20.12, 20.12, 20.12
03/07/14, 20.47, 20.47, 20.47, 20.47
03/06/14, 17.82, 17.82, 17.82, 17.82
03/05/14, 18.70, 18.70, 18.70, 18.70
03/04/14, 18.65, 18.65, 18.65, 18.65
03/03/14, 21.86, 21.86, 21.86, 21.86
02/28/14, 16.77, 16.77, 16.77, 16.77
02/27/14, 17.12, 17.12, 17.12, 17.12
02/26/14, 16.14, 16.14, 16.14, 16.14
02/25/14, 16.24, 16.24, 16.24, 16.24
02/24/14, 16.72, 16.72, 16.72, 16.72
02/21/14, 17.38, 17.38, 17.38, 17.38
02/20/14, 17.77, 17.77, 17.77, 17.77
02/19/14, 17.45, 17.45, 17.45, 17.45
02/18/14, 17.10, 17.10, 17.10, 17.10
02/17/14, 17.20, 17.20, 17.20, 17.20
02/14/14, 16.38, 16.38, 16.38, 16.38
02/13/14, 17.50, 17.50, 17.50, 17.50
02/12/14, 17.93, 17.93, 17.93, 17.93
02/11/14, 17.67, 17.67, 17.67, 17.67
02/10/14, 19.31, 19.31, 19.31, 19.31
02/07/14, 19.23, 19.23, 19.23, 19.23
02/06/14, 20.80, 20.80, 20.80, 20.80
02/05/14, 22.65, 22.65, 22.65, 22.65
02/04/14, 23.01, 23.01, 23.01, 23.01
02/03/14, 24.02, 24.02, 24.02, 24.02
01/31/14, 21.82, 21.82, 21.82, 21.82
01/30/14, 21.12, 21.12, 21.12, 21.12
01/29/14, 21.81, 21.81, 21.81, 21.81
01/28/14, 19.97, 19.97, 19.97, 19.97
01/27/14, 20.68, 20.68, 20.68, 20.68
01/24/14, 20.93, 20.93, 20.93, 20.93
01/23/14, 17.51, 17.51, 17.51, 17.51
01/22/14, 16.45, 16.45, 16.45, 16.45
01/21/14, 16.17, 16.17, 16.17, 16.17
01/20/14, 16.09, 16.09, 16.09, 16.09
01/17/14, 15.74, 15.74, 15.74, 15.74
01/16/14, 17.06, 17.06, 17.06, 17.06
01/15/14, 16.51, 16.51, 16.51, 16.51
01/14/14, 16.81, 16.81, 16.81, 16.81
01/13/14, 17.10, 17.10, 17.10, 17.10
01/10/14, 16.56, 16.56, 16.56, 16.56
01/09/14, 17.36, 17.36, 17.36, 17.36
01/08/14, 17.37, 17.37, 17.37, 17.37
01/07/14, 17.19, 17.19, 17.19, 17.19
01/06/14, 18.17, 18.17, 18.17, 18.17
01/03/14, 18.00, 18.00, 18.00, 18.00
01/02/14, 18.93, 18.93, 18.93, 18.93